district,li_name_2022,score_1994,score_1998,score_2002,score_2006,score_2010,score_2014,score_2022,median_score,green_median_share,blue_median_share,mean_score,min_score,max_score,classification,elections_count,years_included,calculation_basis,mapping_status,notes
士林區,三玉里,-5.541719,2.853781,-19.769674,-4.264392,-7.882353,19.988512,-9.145045,-5.541719,47.229141,52.770859,-3.394413,-19.769674,19.988512,藍營優勢區,7,1994|1998|2002|2006|2010|2014|2022,seven-election-median,matched,
士林區,仁勇里,7.868020,12.470901,-7.907681,12.756052,10.424392,32.303840,3.384615,10.424392,55.212196,44.787804,10.185734,-7.907681,32.303840,綠營優勢區,7,1994|1998|2002|2006|2010|2014|2022,seven-election-median,matched,
士林區,公館里,28.406467,23.872387,8.591065,31.216931,35.891089,46.268657,23.052464,28.406467,64.203233,35.796767,28.185580,8.591065,46.268657,綠營優勢區,7,1994|1998|2002|2006|2010|2014|2022,seven-election-median,matched,
士林區,天山里,-11.839431,-2.401585,-21.794517,-15.642624,-16.243264,15.126696,-13.994911,-13.994911,43.002545,56.997455,-9.541377,-21.794517,15.126696,藍營優勢區,7,1994|1998|2002|2006|2010|2014|2022,seven-election-median,matched,
士林區,天母里,-15.315804,-4.787234,-26.913443,-14.102564,-12.968300,16.480595,-11.961005,-12.968300,43.515850,56.484150,-9.938251,-26.913443,16.480595,藍營優勢區,7,1994|1998|2002|2006|2010|2014|2022,seven-election-median,matched,
士林區,天玉里,-12.820513,-5.387484,-25.990209,-12.352941,-16.620908,14.587566,-8.958697,-12.352941,43.823529,56.176471,-9.649027,-25.990209,14.587566,藍營優勢區,7,1994|1998|2002|2006|2010|2014|2022,seven-election-median,matched,
士林區,天和里,-15.362319,-4.965831,-25.785536,-13.955364,-12.718090,19.662526,-8.021390,-12.718090,43.640955,56.359045,-8.735143,-25.785536,19.662526,藍營優勢區,7,1994|1998|2002|2006|2010|2014|2022,seven-election-median,matched,
士林區,天祿里,-2.606310,2.770619,-17.917095,-2.983340,1.311475,26.455369,2.080310,1.311475,50.655738,49.344262,1.301575,-17.917095,26.455369,中立區,7,1994|1998|2002|2006|2010|2014|2022,seven-election-median,matched,
士林區,天壽里,-1.998401,4.124861,-21.511180,-9.479866,-7.311978,18.138587,-8.374875,-7.311978,46.344011,53.655989,-3.773265,-21.511180,18.138587,藍營優勢區,7,1994|1998|2002|2006|2010|2014|2022,seven-election-median,matched,
士林區,天福里,-8.109560,-2.843966,-26.058163,-14.213678,-11.941964,18.926475,-10.457256,-10.457256,44.771372,55.228628,-7.814016,-26.058163,18.926475,藍營優勢區,7,1994|1998|2002|2006|2010|2014|2022,seven-election-median,matched,
士林區,平等里,52.772074,55.056180,28.121607,50.250000,49.117342,56.363636,27.423823,50.250000,75.125000,24.875000,45.586380,27.423823,56.363636,綠營優勢區,7,1994|1998|2002|2006|2010|2014|2022,seven-election-median,matched,
士林區,永倫里,21.295089,25.253397,1.912046,25.293218,25.506794,44.439482,16.304723,25.253397,62.626698,37.373302,22.857821,1.912046,44.439482,綠營優勢區,7,1994|1998|2002|2006|2010|2014|2022,seven-election-median,matched,
士林區,永福里,18.260870,20.283019,8.474576,21.329640,25.000000,42.278481,20.921986,20.921986,60.460993,39.539007,22.364082,8.474576,42.278481,綠營優勢區,7,1994|1998|2002|2006|2010|2014|2022,seven-election-median,matched,
士林區,名山里,-11.443299,-5.012788,-26.612305,-13.514986,-13.846870,16.304596,-9.405772,-11.443299,44.278351,55.721649,-9.075918,-26.612305,16.304596,藍營優勢區,7,1994|1998|2002|2006|2010|2014|2022,seven-election-median,matched,
士林區,百齡里,13.246874,17.514871,-8.260020,11.304348,14.305115,36.184657,7.399103,13.246874,56.623437,43.376563,13.099278,-8.260020,36.184657,綠營優勢區,7,1994|1998|2002|2006|2010|2014|2022,seven-election-median,matched,
士林區,岩山里,-21.006481,-14.361101,-38.336520,-24.215008,-23.952941,9.417476,-16.725476,-21.006481,39.496759,60.503241,-18.454293,-38.336520,9.417476,藍營優勢區,7,1994|1998|2002|2006|2010|2014|2022,seven-election-median,matched,
士林區,忠誠里,-41.468991,-32.861190,-50.679143,-39.110226,-37.708006,-7.014880,-34.825656,-37.708006,31.145997,68.854003,-34.809727,-50.679143,-7.014880,藍營優勢區,7,1994|1998|2002|2006|2010|2014|2022,seven-election-median,matched,
士林區,承德里,3.451076,8.346658,-19.504021,-7.884410,-6.517803,19.738017,-12.007333,-6.517803,46.741098,53.258902,-2.053974,-19.504021,19.738017,藍營優勢區,7,1994|1998|2002|2006|2010|2014|2022,seven-election-median,matched,
士林區,明勝里,8.789723,16.237113,-6.896552,7.047768,7.147766,32.378783,-0.195886,7.147766,53.573883,46.426117,9.215531,-6.896552,32.378783,綠營優勢區,7,1994|1998|2002|2006|2010|2014|2022,seven-election-median,matched,
士林區,東山里,-25.309850,-21.809896,-42.908181,-31.384728,-24.457216,4.273504,-27.579737,-25.309850,37.345075,62.654925,-24.168015,-42.908181,4.273504,藍營優勢區,7,1994|1998|2002|2006|2010|2014|2022,seven-election-median,matched,
士林區,社子里,15.944313,20.019555,-4.013761,21.068796,21.276596,42.083548,14.117647,20.019555,60.009778,39.990222,18.642385,-4.013761,42.083548,綠營優勢區,7,1994|1998|2002|2006|2010|2014|2022,seven-election-median,matched,
士林區,社園里,19.623461,22.441315,0.986193,27.386541,27.244444,46.758437,22.154882,22.441315,61.220657,38.779343,23.799325,0.986193,46.758437,綠營優勢區,7,1994|1998|2002|2006|2010|2014|2022,seven-election-median,matched,
士林區,社新里,22.763078,24.506610,-1.125541,25.548119,25.014577,42.168675,14.016620,24.506610,62.253305,37.746695,21.841734,-1.125541,42.168675,綠營優勢區,7,1994|1998|2002|2006|2010|2014|2022,seven-election-median,matched,
士林區,芝山里,-8.632138,-1.027900,-27.341580,-11.993561,-10.982926,19.480519,-12.764593,-10.982926,44.508537,55.491463,-7.608883,-27.341580,19.480519,藍營優勢區,7,1994|1998|2002|2006|2010|2014|2022,seven-election-median,matched,
士林區,前港里,14.950166,20.287661,-5.421448,9.444444,11.917098,35.495367,9.389140,11.917098,55.958549,44.041451,13.723204,-5.421448,35.495367,綠營優勢區,7,1994|1998|2002|2006|2010|2014|2022,seven-election-median,matched,
士林區,後港里,15.422477,17.406963,-4.306220,13.512158,9.968388,33.686570,6.807964,13.512158,56.756079,43.243921,13.214043,-4.306220,33.686570,綠營優勢區,7,1994|1998|2002|2006|2010|2014|2022,seven-election-median,matched,
士林區,富光里,24.147340,21.944809,-1.683704,21.600000,18.917363,43.838384,12.951334,21.600000,60.800000,39.200000,20.245075,-1.683704,43.838384,綠營優勢區,7,1994|1998|2002|2006|2010|2014|2022,seven-election-median,matched,
士林區,富洲里,38.295318,41.456503,15.448659,44.261235,41.539301,57.337032,47.303271,41.539301,70.769651,29.230349,40.805903,15.448659,57.337032,綠營優勢區,7,1994|1998|2002|2006|2010|2014|2022,seven-election-median,matched,
士林區,菁山里,19.114688,12.854442,-10.133060,15.011038,15.995872,29.865125,1.833568,15.011038,57.505519,42.494481,12.077382,-10.133060,29.865125,綠營優勢區,7,1994|1998|2002|2006|2010|2014|2022,seven-election-median,matched,
士林區,陽明里,-13.816834,-3.261978,-21.336207,-1.147959,0.268673,23.602821,-3.637833,-3.261978,48.369011,51.630989,-2.761331,-21.336207,23.602821,中立區,7,1994|1998|2002|2006|2010|2014|2022,seven-election-median,matched,
士林區,新安里,18.884462,18.931298,-4.909984,17.038359,18.387097,37.161608,9.529277,18.387097,59.193548,40.806452,16.431731,-4.909984,37.161608,綠營優勢區,7,1994|1998|2002|2006|2010|2014|2022,seven-election-median,matched,
士林區,溪山里,33.736153,10.974359,-4.328018,19.951040,22.010050,42.420938,10.000000,19.951040,59.975520,40.024480,19.252075,-4.328018,42.420938,綠營優勢區,7,1994|1998|2002|2006|2010|2014|2022,seven-election-median,matched,
士林區,義信里,2.904110,4.647520,-16.910936,-1.704545,-4.526749,21.234699,-11.421911,-1.704545,49.147727,50.852273,-0.825402,-16.910936,21.234699,中立區,7,1994|1998|2002|2006|2010|2014|2022,seven-election-median,matched,
士林區,聖山里,-35.087719,-25.285481,-43.880597,-26.319703,-20.817717,6.365105,-20.166128,-25.285481,37.357259,62.642741,-23.598891,-43.880597,6.365105,藍營優勢區,7,1994|1998|2002|2006|2010|2014|2022,seven-election-median,matched,
士林區,葫東里,30.028214,30.127415,0.671141,23.218862,23.503903,43.499197,10.907983,23.503903,61.751951,38.248049,23.136674,0.671141,43.499197,綠營優勢區,7,1994|1998|2002|2006|2010|2014|2022,seven-election-median,matched,
士林區,葫蘆里,3.904282,4.505281,-16.753185,3.329970,5.265448,30.335655,0.637370,3.904282,51.952141,48.047859,4.460689,-16.753185,30.335655,中立區,7,1994|1998|2002|2006|2010|2014|2022,seven-election-median,matched,
士林區,福中里,18.464793,21.080139,-0.860695,18.280322,14.105793,36.426036,8.716440,18.280322,59.140161,40.859839,16.601833,-0.860695,36.426036,綠營優勢區,7,1994|1998|2002|2006|2010|2014|2022,seven-election-median,matched,
士林區,福安里,56.333009,53.770391,32.973702,58.037349,53.895894,66.493506,42.045455,53.895894,76.947947,23.052053,51.935615,32.973702,66.493506,綠營優勢區,7,1994|1998|2002|2006|2010|2014|2022,seven-election-median,matched,
士林區,福志里,-18.066791,-12.484549,-23.437111,-17.819604,-15.636684,13.106476,-11.184014,-15.636684,42.181658,57.818342,-12.217468,-23.437111,13.106476,藍營優勢區,7,1994|1998|2002|2006|2010|2014|2022,seven-election-median,matched,
士林區,福佳里,5.882353,8.033000,-14.876801,0.551932,1.811041,27.450980,-1.911221,1.811041,50.905520,49.094480,3.848755,-14.876801,27.450980,中立區,7,1994|1998|2002|2006|2010|2014|2022,seven-election-median,matched,
士林區,福林里,-23.152022,-19.866071,-37.907078,-9.811566,-8.246860,14.670982,-7.407407,-9.811566,45.094217,54.905783,-13.102860,-37.907078,14.670982,藍營優勢區,7,1994|1998|2002|2006|2010|2014|2022,seven-election-median,matched,
士林區,福華里,-5.737515,1.916417,-19.150052,3.862661,5.233161,29.120731,0.484262,1.916417,50.958208,49.041792,2.247095,-19.150052,29.120731,中立區,7,1994|1998|2002|2006|2010|2014|2022,seven-election-median,matched,
士林區,福順里,26.752113,26.732673,3.805995,23.548983,22.434211,42.177722,13.716614,23.548983,61.774492,38.225508,22.738330,3.805995,42.177722,綠營優勢區,7,1994|1998|2002|2006|2010|2014|2022,seven-election-median,matched,
士林區,福德里,-4.823395,3.198459,-19.766990,-4.825737,-4.693954,19.076457,-11.170213,-4.823395,47.588302,52.411698,-3.286482,-19.766990,19.076457,中立區,7,1994|1998|2002|2006|2010|2014|2022,seven-election-median,matched,
士林區,翠山里,-44.293903,-32.692308,-67.216722,-57.731263,-52.788104,-18.829009,-41.935484,-44.293903,27.853048,72.146952,-45.069542,-67.216722,-18.829009,藍營優勢區,7,1994|1998|2002|2006|2010|2014|2022,seven-election-median,matched,
士林區,德行里,6.209150,9.563887,-15.280136,-0.949668,-2.861623,23.672995,-5.996759,-0.949668,49.525166,50.474834,2.051121,-15.280136,23.672995,中立區,7,1994|1998|2002|2006|2010|2014|2022,seven-election-median,matched,
士林區,德華里,3.936076,10.440835,-11.011810,6.615864,4.470447,29.000000,2.592913,4.470447,52.235224,47.764776,6.577761,-11.011810,29.000000,中立區,7,1994|1998|2002|2006|2010|2014|2022,seven-election-median,matched,
士林區,舊佳里,5.071278,10.283853,-12.951496,2.681764,2.473300,29.728215,-1.323988,2.681764,51.340882,48.659118,5.137561,-12.951496,29.728215,中立區,7,1994|1998|2002|2006|2010|2014|2022,seven-election-median,matched,
士林區,蘭雅里,-1.778777,3.144897,-21.622788,-9.650350,-7.128554,22.794692,-7.869590,-7.128554,46.435723,53.564277,-3.158639,-21.622788,22.794692,藍營優勢區,7,1994|1998|2002|2006|2010|2014|2022,seven-election-median,matched,
士林區,蘭興里,5.545927,6.220625,-12.489428,-2.210992,-3.840084,25.400103,-1.397809,-1.397809,49.301096,50.698904,2.461192,-12.489428,25.400103,中立區,7,1994|1998|2002|2006|2010|2014|2022,seven-election-median,matched,
大同區,大有里,21.215959,21.529052,0.174764,20.527745,18.493611,40.259740,18.850193,20.527745,60.263873,39.736127,20.150152,0.174764,40.259740,綠營優勢區,7,1994|1998|2002|2006|2010|2014|2022,seven-election-median,matched,
大同區,民權里,1.762977,5.566312,-16.510372,1.604979,5.590433,32.799145,6.567047,5.566312,52.783156,47.216844,5.340074,-16.510372,32.799145,綠營優勢區,7,1994|1998|2002|2006|2010|2014|2022,seven-election-median,matched,
大同區,永樂里,17.042607,24.721879,0.786325,15.441462,16.176471,40.794451,15.687227,16.176471,58.088235,41.911765,18.664346,0.786325,40.794451,綠營優勢區,7,1994|1998|2002|2006|2010|2014|2022,seven-election-median,matched,
大同區,玉泉里,-6.234414,1.600328,-16.890080,1.392405,4.700353,29.207383,6.036745,1.600328,50.800164,49.199836,2.830389,-16.890080,29.207383,中立區,7,1994|1998|2002|2006|2010|2014|2022,seven-election-median,matched,
大同區,光能里,23.831506,20.198193,-1.566145,21.709007,17.216828,36.246787,8.639421,20.198193,60.099096,39.900904,18.039371,-1.566145,36.246787,綠營優勢區,7,1994|1998|2002|2006|2010|2014|2022,seven-election-median,matched,
大同區,老師里,21.377913,25.680800,0.030148,21.459659,21.069457,42.599179,16.525612,21.377913,60.688956,39.311044,21.248967,0.030148,42.599179,綠營優勢區,7,1994|1998|2002|2006|2010|2014|2022,seven-election-median,matched,
大同區,至聖里,17.326057,16.285382,-2.177778,19.088608,18.241263,35.387797,8.854489,17.326057,58.663029,41.336971,16.143688,-2.177778,35.387797,綠營優勢區,7,1994|1998|2002|2006|2010|2014|2022,seven-election-median,matched,
大同區,延平里,14.350797,9.604990,-11.742424,9.766981,5.982906,29.553981,3.000000,9.604990,54.802495,45.197505,8.645319,-11.742424,29.553981,綠營優勢區,7,1994|1998|2002|2006|2010|2014|2022,seven-election-median,matched,
大同區,保安里,18.909091,26.622039,5.446118,23.306948,22.003854,41.598441,14.734561,22.003854,61.001927,38.998073,21.803007,5.446118,41.598441,綠營優勢區,7,1994|1998|2002|2006|2010|2014|2022,seven-election-median,matched,
大同區,南芳里,18.289786,18.210361,-5.914972,16.765286,13.580247,33.965517,10.727497,16.765286,58.382643,41.617357,15.089103,-5.914972,33.965517,綠營優勢區,7,1994|1998|2002|2006|2010|2014|2022,seven-election-median,matched,
大同區,建功里,16.200236,23.149236,-5.519604,15.838248,11.870918,30.974097,8.764290,15.838248,57.919124,42.080876,14.468203,-5.519604,30.974097,綠營優勢區,7,1994|1998|2002|2006|2010|2014|2022,seven-election-median,matched,
大同區,建明里,20.114943,24.135021,1.055966,21.146953,15.376458,32.807104,6.732348,20.114943,60.057471,39.942529,17.338399,1.055966,32.807104,綠營優勢區,7,1994|1998|2002|2006|2010|2014|2022,seven-election-median,matched,
大同區,建泰里,22.941721,22.222222,1.881188,26.064736,18.529131,40.884477,16.268980,22.222222,61.111111,38.888889,21.256065,1.881188,40.884477,綠營優勢區,7,1994|1998|2002|2006|2010|2014|2022,seven-election-median,matched,
大同區,星明里,23.001137,15.416959,-9.667558,11.815336,8.293352,31.109763,1.974865,11.815336,55.907668,44.092332,11.706265,-9.667558,31.109763,綠營優勢區,7,1994|1998|2002|2006|2010|2014|2022,seven-election-median,matched,
大同區,重慶里,13.674561,18.334607,-10.688836,11.748818,4.415992,31.598513,0.148148,11.748818,55.874409,44.125591,9.890258,-10.688836,31.598513,綠營優勢區,7,1994|1998|2002|2006|2010|2014|2022,seven-election-median,matched,
大同區,國順里,33.989455,27.128028,13.795014,33.620690,30.727470,45.307443,18.300087,30.727470,65.363735,34.636265,28.981170,13.795014,45.307443,綠營優勢區,7,1994|1998|2002|2006|2010|2014|2022,seven-election-median,matched,
大同區,國慶里,13.216958,14.103382,-3.926097,13.402062,12.349272,36.809816,8.834292,13.216958,56.608479,43.391521,13.541384,-3.926097,36.809816,綠營優勢區,7,1994|1998|2002|2006|2010|2014|2022,seven-election-median,matched,
大同區,揚雅里,24.964472,26.795443,3.091684,24.286546,23.819095,43.254146,14.039735,24.286546,62.143273,37.856727,22.893017,3.091684,43.254146,綠營優勢區,7,1994|1998|2002|2006|2010|2014|2022,seven-election-median,matched,
大同區,斯文里,22.957921,22.091062,1.139962,21.339857,20.250391,38.257926,14.835443,21.339857,60.669928,39.330072,20.124652,1.139962,38.257926,綠營優勢區,7,1994|1998|2002|2006|2010|2014|2022,seven-election-median,matched,
大同區,景星里,28.493287,22.736626,0.483676,23.670213,19.485079,32.723112,10.516252,22.736626,61.368313,38.631687,19.729749,0.483676,32.723112,綠營優勢區,7,1994|1998|2002|2006|2010|2014|2022,seven-election-median,matched,
大同區,朝陽里,14.856082,16.738197,-4.907407,13.891726,13.906718,36.320755,6.293706,13.906718,56.953359,43.046641,13.871397,-4.907407,36.320755,綠營優勢區,7,1994|1998|2002|2006|2010|2014|2022,seven-election-median,matched,
大同區,隆和里,22.447059,27.129630,4.589114,23.664122,22.732240,41.554054,13.711414,22.732240,61.366120,38.633880,22.261090,4.589114,41.554054,綠營優勢區,7,1994|1998|2002|2006|2010|2014|2022,seven-election-median,matched,
大同區,蓬萊里,20.479520,23.430825,-1.770245,17.966102,16.085409,36.834878,5.112474,17.966102,58.983051,41.016949,16.876995,-1.770245,36.834878,綠營優勢區,7,1994|1998|2002|2006|2010|2014|2022,seven-election-median,matched,
大同區,鄰江里,27.949710,24.339757,3.761419,22.598522,21.956138,38.526212,14.015867,22.598522,61.299261,38.700739,21.878232,3.761419,38.526212,綠營優勢區,7,1994|1998|2002|2006|2010|2014|2022,seven-election-median,matched,
大同區,雙連里,23.188137,21.829012,-4.098518,20.492151,16.509172,36.955333,9.390071,20.492151,60.246076,39.753924,17.752194,-4.098518,36.955333,綠營優勢區,7,1994|1998|2002|2006|2010|2014|2022,seven-election-median,matched,
大安區,大學里,-25.137770,-16.068376,-37.488285,-24.967456,-23.311933,12.452351,-16.892290,-23.311933,38.344034,61.655966,-18.773394,-37.488285,12.452351,藍營優勢區,7,1994|1998|2002|2006|2010|2014|2022,seven-election-median,matched,
大安區,仁愛里,-21.921922,-8.875740,-29.508197,-20.064725,-21.115538,-1.347905,-17.797042,-20.064725,39.967638,60.032362,-17.233010,-29.508197,-1.347905,藍營優勢區,7,1994|1998|2002|2006|2010|2014|2022,seven-election-median,matched,
大安區,仁慈里,-25.351577,-11.453248,-31.211656,-20.472441,-17.638589,16.543210,-8.353688,-17.638589,41.180706,58.819294,-13.991141,-31.211656,16.543210,藍營優勢區,7,1994|1998|2002|2006|2010|2014|2022,seven-election-median,matched,
大安區,古風里,-18.066158,-7.774141,-33.924612,-23.176823,-21.000000,15.447823,-16.560877,-18.066158,40.966921,59.033079,-15.007827,-33.924612,15.447823,藍營優勢區,7,1994|1998|2002|2006|2010|2014|2022,seven-election-median,matched,
大安區,古莊里,-24.288017,-10.873631,-34.172868,-19.432807,-18.777293,14.213198,-17.229255,-18.777293,40.611354,59.388646,-15.794382,-34.172868,14.213198,藍營優勢區,7,1994|1998|2002|2006|2010|2014|2022,seven-election-median,matched,
大安區,正聲里,-33.456289,-22.254545,-42.419482,-31.893266,-28.171206,4.058193,-22.490185,-28.171206,35.914397,64.085603,-25.232397,-42.419482,4.058193,藍營優勢區,7,1994|1998|2002|2006|2010|2014|2022,seven-election-median,matched,
大安區,民炤里,-16.511318,-3.087248,-25.160676,-16.707022,-12.668341,17.563545,-10.223642,-12.668341,43.665830,56.334170,-9.542100,-25.160676,17.563545,藍營優勢區,7,1994|1998|2002|2006|2010|2014|2022,seven-election-median,matched,
大安區,民輝里,-15.221346,-0.343643,-28.818362,-15.204327,-16.354760,14.736842,-12.964367,-15.204327,42.397837,57.602163,-10.595709,-28.818362,14.736842,藍營優勢區,7,1994|1998|2002|2006|2010|2014|2022,seven-election-median,matched,
大安區,永康里,-25.918153,-11.819116,-36.412460,-26.696259,-23.287671,8.863295,-23.829787,-23.829787,38.085106,61.914894,-19.871450,-36.412460,8.863295,藍營優勢區,7,1994|1998|2002|2006|2010|2014|2022,seven-election-median,matched,
大安區,光明里,-31.904947,-20.000000,-39.337877,-30.731171,-27.479033,17.178244,-19.970951,-27.479033,36.260483,63.739517,-21.749391,-39.337877,17.178244,藍營優勢區,7,1994|1998|2002|2006|2010|2014|2022,seven-election-median,matched,
大安區,光武里,-21.247851,-11.163117,-31.537708,-20.021645,-20.283688,6.455484,-16.678297,-20.021645,39.989177,60.010823,-16.353832,-31.537708,6.455484,藍營優勢區,7,1994|1998|2002|2006|2010|2014|2022,seven-election-median,matched,
大安區,光信里,-18.686869,-10.035682,-33.001808,-22.570533,-21.724710,6.338186,-20.465116,-20.465116,39.767442,60.232558,-17.163790,-33.001808,6.338186,藍營優勢區,7,1994|1998|2002|2006|2010|2014|2022,seven-election-median,matched,
大安區,全安里,-29.328063,-15.351394,-36.864407,-28.169663,-26.560588,6.084116,-30.306470,-28.169663,35.915168,64.084832,-22.928067,-36.864407,6.084116,藍營優勢區,7,1994|1998|2002|2006|2010|2014|2022,seven-election-median,matched,
大安區,住安里,-26.771420,-14.845606,-38.079248,-24.508624,-23.822619,3.820540,-25.039704,-24.508624,37.745688,62.254312,-21.320954,-38.079248,3.820540,藍營優勢區,7,1994|1998|2002|2006|2010|2014|2022,seven-election-median,matched,
大安區,車層里,-19.352227,-7.757705,-27.583356,-19.157340,-17.451206,11.883728,-13.309208,-17.451206,41.274397,58.725603,-13.246759,-27.583356,11.883728,藍營優勢區,7,1994|1998|2002|2006|2010|2014|2022,seven-election-median,matched,
大安區,和安里,-31.234996,-15.041929,-41.859088,-29.831264,-26.979717,6.607440,-23.897912,-26.979717,36.510142,63.489858,-23.176781,-41.859088,6.607440,藍營優勢區,7,1994|1998|2002|2006|2010|2014|2022,seven-election-median,matched,
大安區,昌隆里,-12.965964,-9.479866,-19.472296,-7.831325,-5.972603,18.472064,-5.095057,-7.831325,46.084337,53.915663,-6.049292,-19.472296,18.472064,藍營優勢區,7,1994|1998|2002|2006|2010|2014|2022,seven-election-median,matched,
大安區,法治里,-26.092385,-23.000000,-45.360000,-34.289556,-30.414201,1.059239,-33.948941,-30.414201,34.792899,65.207101,-27.435121,-45.360000,1.059239,藍營優勢區,7,1994|1998|2002|2006|2010|2014|2022,seven-election-median,matched,
大安區,臥龍里,-44.885799,-35.541535,-51.199041,-37.104506,-36.968577,-5.130687,-30.730479,-36.968577,31.515712,68.484288,-34.508661,-51.199041,-5.130687,藍營優勢區,7,1994|1998|2002|2006|2010|2014|2022,seven-election-median,matched,
大安區,芳和里,-30.515514,-21.383316,-41.793570,-27.926791,-23.445776,6.506024,-24.549356,-24.549356,37.725322,62.274678,-23.301186,-41.793570,6.506024,藍營優勢區,7,1994|1998|2002|2006|2010|2014|2022,seven-election-median,matched,
大安區,虎嘯里,-36.788618,-20.360551,-43.337066,-36.206897,-35.359676,1.359223,-20.264026,-35.359676,32.320162,67.679838,-27.279659,-43.337066,1.359223,藍營優勢區,7,1994|1998|2002|2006|2010|2014|2022,seven-election-median,matched,
大安區,建安里,-24.347826,-12.281951,-38.686131,-27.815700,-29.438372,-0.114460,-20.448478,-24.347826,37.826087,62.173913,-21.876131,-38.686131,-0.114460,藍營優勢區,7,1994|1998|2002|2006|2010|2014|2022,seven-election-median,matched,
大安區,建倫里,-25.630386,-10.695993,-34.755900,-25.858951,-28.894395,1.344170,-21.556886,-25.630386,37.184807,62.815193,-20.864049,-34.755900,1.344170,藍營優勢區,7,1994|1998|2002|2006|2010|2014|2022,seven-election-median,matched,
大安區,通化里,-3.150000,7.229226,-18.463303,-0.717547,-2.945302,19.600776,-9.171360,-2.945302,48.527349,51.472651,-1.088216,-18.463303,19.600776,中立區,7,1994|1998|2002|2006|2010|2014|2022,seven-election-median,matched,
大安區,通安里,-20.032976,-11.065931,-33.556842,-19.413657,-16.352201,12.624378,-18.954248,-18.954248,40.522876,59.477124,-15.250211,-33.556842,12.624378,藍營優勢區,7,1994|1998|2002|2006|2010|2014|2022,seven-election-median,matched,
大安區,敦安里,-15.813554,-3.107345,-29.711885,-17.385257,-17.980296,12.245518,-15.083799,-15.813554,42.093223,57.906777,-12.405231,-29.711885,12.245518,藍營優勢區,7,1994|1998|2002|2006|2010|2014|2022,seven-election-median,matched,
大安區,敦煌里,-20.835786,-7.519447,-31.129997,-20.572826,-20.908525,11.331530,-16.776172,-20.572826,39.713587,60.286413,-15.201603,-31.129997,11.331530,藍營優勢區,7,1994|1998|2002|2006|2010|2014|2022,seven-election-median,matched,
大安區,華聲里,-23.082852,-15.751212,-39.548744,-25.129169,-23.882503,7.815275,-18.806744,-23.082852,38.458574,61.541426,-19.769421,-39.548744,7.815275,藍營優勢區,7,1994|1998|2002|2006|2010|2014|2022,seven-election-median,matched,
大安區,新龍里,-52.587825,-42.849433,-60.474090,-51.636813,-47.248471,-10.271983,-43.037037,-47.248471,26.375764,73.624236,-44.015093,-60.474090,-10.271983,藍營優勢區,7,1994|1998|2002|2006|2010|2014|2022,seven-election-median,matched,
大安區,群英里,-61.805850,-50.712831,-67.210853,-63.539446,-58.367945,-23.155588,-54.884189,-58.367945,20.816027,79.183973,-54.239529,-67.210853,-23.155588,藍營優勢區,7,1994|1998|2002|2006|2010|2014|2022,seven-election-median,matched,
大安區,群賢里,-36.588072,-23.778324,-44.646585,-36.275493,-31.246163,-0.395497,-30.702515,-31.246163,34.376918,65.623082,-29.090378,-44.646585,-0.395497,藍營優勢區,7,1994|1998|2002|2006|2010|2014|2022,seven-election-median,matched,
大安區,義安里,-30.125000,-17.598994,-41.926821,-33.136313,-31.117204,-2.237062,-27.298444,-30.125000,34.937500,65.062500,-26.205691,-41.926821,-2.237062,藍營優勢區,7,1994|1998|2002|2006|2010|2014|2022,seven-election-median,matched,
大安區,義村里,-56.539986,-42.151929,-61.342775,-49.511600,-47.013601,-16.333043,-40.445587,-47.013601,26.493199,73.506801,-44.762646,-61.342775,-16.333043,藍營優勢區,7,1994|1998|2002|2006|2010|2014|2022,seven-election-median,matched,
大安區,誠安里,-17.281106,-3.582317,-25.312878,-11.446886,-13.161034,11.661074,-12.073171,-12.073171,43.963415,56.036585,-10.170903,-25.312878,11.661074,藍營優勢區,7,1994|1998|2002|2006|2010|2014|2022,seven-election-median,matched,
大安區,福住里,-26.995915,-9.580634,-34.061569,-25.479865,-19.897633,14.259764,-14.272727,-19.897633,40.051184,59.948816,-16.575511,-34.061569,14.259764,藍營優勢區,7,1994|1998|2002|2006|2010|2014|2022,seven-election-median,matched,
大安區,德安里,-27.739726,-21.694807,-39.480519,-29.120473,-26.697128,-1.030243,-25.847846,-26.697128,36.651436,63.348564,-24.515820,-39.480519,-1.030243,藍營優勢區,7,1994|1998|2002|2006|2010|2014|2022,seven-election-median,matched,
大安區,黎元里,-18.482601,-13.826736,-38.475836,-20.232897,-13.596233,14.338575,-18.957772,-18.482601,40.758699,59.241301,-15.604786,-38.475836,14.338575,藍營優勢區,7,1994|1998|2002|2006|2010|2014|2022,seven-election-median,matched,
大安區,黎孝里,-30.167719,-19.053708,-39.555958,-27.318548,-24.411895,6.542461,-22.447685,-24.411895,37.794052,62.205948,-22.344722,-39.555958,6.542461,藍營優勢區,7,1994|1998|2002|2006|2010|2014|2022,seven-election-median,matched,
大安區,黎和里,-33.784322,-25.817622,-46.343468,-35.446940,-32.392273,-0.253165,-31.142410,-32.392273,33.803863,66.196137,-29.311457,-46.343468,-0.253165,藍營優勢區,7,1994|1998|2002|2006|2010|2014|2022,seven-election-median,matched,
大安區,錦安里,-25.931131,-16.024487,-40.139041,-30.564516,-26.125534,8.208955,-16.146540,-25.931131,37.034434,62.965566,-20.960328,-40.139041,8.208955,藍營優勢區,7,1994|1998|2002|2006|2010|2014|2022,seven-election-median,matched,
大安區,錦泰里,-44.468021,-33.817952,-53.120666,-44.088670,-36.171906,4.727646,-22.755741,-36.171906,31.914047,68.085953,-32.813616,-53.120666,4.727646,藍營優勢區,7,1994|1998|2002|2006|2010|2014|2022,seven-election-median,matched,
大安區,錦華里,-26.027397,-15.258512,-38.755981,-28.938018,-25.549915,9.156077,-21.791320,-25.549915,37.225042,62.774958,-21.023581,-38.755981,9.156077,藍營優勢區,7,1994|1998|2002|2006|2010|2014|2022,seven-election-median,matched,
大安區,龍生里,-34.817701,-23.888889,-43.505155,-36.554355,-31.293080,4.068169,-25.608343,-31.293080,34.353460,65.646540,-27.371336,-43.505155,4.068169,藍營優勢區,7,1994|1998|2002|2006|2010|2014|2022,seven-election-median,matched,
大安區,龍安里,-24.343015,-13.462214,-34.203655,-24.814815,-21.039604,12.912565,-12.073272,-21.039604,39.480198,60.519802,-16.717716,-34.203655,12.912565,藍營優勢區,7,1994|1998|2002|2006|2010|2014|2022,seven-election-median,matched,
大安區,龍坡里,-37.095223,-23.280757,-22.784810,-33.547009,-25.420561,7.482993,-17.133670,-23.280757,38.359621,61.640379,-21.682720,-37.095223,7.482993,藍營優勢區,7,1994|1998|2002|2006|2010|2014|2022,seven-election-median,matched,
大安區,龍門里,-32.514881,-17.388167,-33.147114,-28.506329,-21.597252,11.821624,-11.191336,-21.597252,39.201374,60.798626,-18.931922,-33.147114,11.821624,藍營優勢區,7,1994|1998|2002|2006|2010|2014|2022,seven-election-median,matched,
大安區,龍泉里,-21.302472,-5.658884,-30.744072,-20.018709,-16.888351,18.027851,-12.749446,-16.888351,41.555824,58.444176,-12.762012,-30.744072,18.027851,藍營優勢區,7,1994|1998|2002|2006|2010|2014|2022,seven-election-median,matched,
大安區,龍陣里,-29.417000,-13.161465,-39.177811,-28.091168,-23.242188,7.971360,-18.389262,-23.242188,38.378906,61.621094,-20.501076,-39.177811,7.971360,藍營優勢區,7,1994|1998|2002|2006|2010|2014|2022,seven-election-median,matched,
大安區,龍淵里,-29.427846,-15.331897,-38.576779,-29.016018,-21.567831,13.284498,-17.944200,-21.567831,39.216084,60.783916,-19.797153,-38.576779,13.284498,藍營優勢區,7,1994|1998|2002|2006|2010|2014|2022,seven-election-median,matched,
大安區,龍雲里,-17.553191,-9.522262,-33.142243,-19.126134,-19.415746,8.793605,-18.930257,-18.930257,40.534872,59.465128,-15.556604,-33.142243,8.793605,藍營優勢區,7,1994|1998|2002|2006|2010|2014|2022,seven-election-median,matched,
大安區,龍圖里,-29.502119,-17.469262,-40.328767,-30.216285,-26.973861,6.124632,-25.633383,-26.973861,36.513069,63.486931,-23.428435,-40.328767,6.124632,藍營優勢區,7,1994|1998|2002|2006|2010|2014|2022,seven-election-median,matched,
大安區,臨江里,-11.747851,-5.411255,-29.617834,-15.823666,-16.218419,12.962210,-18.127962,-15.823666,42.088167,57.911833,-11.997825,-29.617834,12.962210,藍營優勢區,7,1994|1998|2002|2006|2010|2014|2022,seven-election-median,matched,
中山區,力行里,3.860198,15.238095,-8.597561,4.755388,3.359805,31.368421,-2.814699,3.860198,51.930099,48.069901,6.738521,-8.597561,31.368421,中立區,7,1994|1998|2002|2006|2010|2014|2022,seven-election-median,matched,
中山區,下埤里,5.744979,7.083427,-17.425355,-0.054377,1.165714,27.879581,-5.860232,1.165714,50.582857,49.417143,2.647677,-17.425355,27.879581,中立區,7,1994|1998|2002|2006|2010|2014|2022,seven-election-median,matched,
中山區,大佳里,30.303030,31.147541,10.431154,32.756133,31.192661,49.696970,15.000000,31.147541,65.573770,34.426230,28.646784,10.431154,49.696970,綠營優勢區,7,1994|1998|2002|2006|2010|2014|2022,seven-election-median,matched,
中山區,大直里,-19.755863,-14.632546,-33.651026,-23.603381,-21.420561,11.705069,-22.007515,-21.420561,39.289720,60.710280,-17.623689,-33.651026,11.705069,藍營優勢區,7,1994|1998|2002|2006|2010|2014|2022,seven-election-median,matched,
中山區,中山里,5.136858,3.479789,-22.717622,-0.599829,-1.683724,24.500588,-11.275416,-0.599829,49.700086,50.299914,-0.451337,-22.717622,24.500588,中立區,7,1994|1998|2002|2006|2010|2014|2022,seven-election-median,matched,
中山區,中央里,-10.514127,3.403864,-21.951220,-8.890116,-6.822430,22.227466,-7.147541,-7.147541,46.426230,53.573770,-4.242015,-21.951220,22.227466,藍營優勢區,7,1994|1998|2002|2006|2010|2014|2022,seven-election-median,matched,
中山區,中吉里,14.304903,18.509079,-4.169562,11.981020,9.878127,35.420503,4.275011,11.981020,55.990510,44.009490,12.885583,-4.169562,35.420503,綠營優勢區,7,1994|1998|2002|2006|2010|2014|2022,seven-election-median,matched,
中山區,中庄里,14.716526,13.603681,-5.259698,9.863429,8.502024,30.470348,2.211538,9.863429,54.931715,45.068285,10.586835,-5.259698,30.470348,綠營優勢區,7,1994|1998|2002|2006|2010|2014|2022,seven-election-median,matched,
中山區,中原里,11.518938,15.889162,-10.176817,8.437761,7.551164,27.717212,-0.587969,8.437761,54.218881,45.781119,8.621350,-10.176817,27.717212,綠營優勢區,7,1994|1998|2002|2006|2010|2014|2022,seven-election-median,matched,
中山區,正守里,-0.566943,7.276507,-16.270784,1.788171,0.106383,23.830016,-9.956710,0.106383,50.053191,49.946809,0.886663,-16.270784,23.830016,中立區,7,1994|1998|2002|2006|2010|2014|2022,seven-election-median,matched,
中山區,正得里,-8.365227,0.110375,-24.813896,-8.975265,-11.546610,13.497240,-12.936345,-8.975265,45.512367,54.487633,-7.575675,-24.813896,13.497240,藍營優勢區,7,1994|1998|2002|2006|2010|2014|2022,seven-election-median,matched,
中山區,正義里,-6.936937,-9.234412,-28.886964,-8.333333,-10.451403,17.170981,-16.739447,-9.234412,45.382794,54.617206,-9.058788,-28.886964,17.170981,藍營優勢區,7,1994|1998|2002|2006|2010|2014|2022,seven-election-median,matched,
中山區,民安里,4.527559,7.969826,-12.068966,6.143480,4.832978,29.076979,-0.052659,4.832978,52.416489,47.583511,5.775600,-12.068966,29.076979,中立區,7,1994|1998|2002|2006|2010|2014|2022,seven-election-median,matched,
中山區,永安里,-12.706737,-3.950793,-27.013386,-14.265799,-14.353688,16.688919,-17.225007,-14.265799,42.867100,57.132900,-10.403784,-27.013386,16.688919,藍營優勢區,7,1994|1998|2002|2006|2010|2014|2022,seven-election-median,matched,
中山區,成功里,-22.920892,-15.224601,-23.970037,-12.981744,-17.847594,18.288394,-15.638016,-15.638016,42.180992,57.819008,-12.899213,-23.970037,18.288394,藍營優勢區,7,1994|1998|2002|2006|2010|2014|2022,seven-election-median,matched,
中山區,朱崙里,5.607021,12.927192,-11.897853,-0.962861,2.235650,22.588675,-10.078740,2.235650,51.117825,48.882175,2.917012,-11.897853,22.588675,中立區,7,1994|1998|2002|2006|2010|2014|2022,seven-election-median,matched,
中山區,朱園里,3.464755,6.075659,-13.526767,-1.109057,1.950585,27.771340,-4.644955,1.950585,50.975293,49.024707,2.854509,-13.526767,27.771340,中立區,7,1994|1998|2002|2006|2010|2014|2022,seven-election-median,matched,
中山區,朱馥里,-7.909454,0.810034,-22.578763,-8.597285,-8.510638,17.870722,-15.421581,-8.510638,45.744681,54.255319,-6.333852,-22.578763,17.870722,藍營優勢區,7,1994|1998|2002|2006|2010|2014|2022,seven-election-median,matched,
中山區,江山里,3.158363,11.350420,-11.184834,3.125807,3.480065,29.050900,-1.312500,3.158363,51.579181,48.420819,5.381174,-11.184834,29.050900,中立區,7,1994|1998|2002|2006|2010|2014|2022,seven-election-median,matched,
中山區,江寧里,1.240695,5.785124,-23.010052,-7.619330,-6.100104,21.275536,-11.658120,-6.100104,46.949948,53.050052,-2.869464,-23.010052,21.275536,藍營優勢區,7,1994|1998|2002|2006|2010|2014|2022,seven-election-median,matched,
中山區,行仁里,11.858115,13.794436,-13.356019,8.778911,6.361537,32.929782,-2.746932,8.778911,54.389455,45.610545,8.231404,-13.356019,32.929782,綠營優勢區,7,1994|1998|2002|2006|2010|2014|2022,seven-election-median,matched,
中山區,行孝里,2.044293,4.821280,-15.068493,5.155642,2.713987,34.376321,-7.501410,2.713987,51.356994,48.643006,3.791660,-15.068493,34.376321,中立區,7,1994|1998|2002|2006|2010|2014|2022,seven-election-median,matched,
中山區,行政里,8.013245,9.753817,-13.170086,1.579325,0.956366,23.028750,-10.136986,1.579325,50.789663,49.210337,2.860633,-13.170086,23.028750,中立區,7,1994|1998|2002|2006|2010|2014|2022,seven-election-median,matched,
中山區,松江里,-2.245707,3.960905,-7.805847,4.154952,2.710027,26.940639,-6.312029,2.710027,51.355014,48.644986,3.057563,-7.805847,26.940639,中立區,7,1994|1998|2002|2006|2010|2014|2022,seven-election-median,matched,
中山區,恆安里,3.906706,1.356484,-18.070889,-1.607717,-4.399633,18.640094,-13.043478,-1.607717,49.196141,50.803859,-1.888348,-18.070889,18.640094,中立區,7,1994|1998|2002|2006|2010|2014|2022,seven-election-median,matched,
中山區,埤頭里,-17.872045,-8.738602,-27.746900,-10.281385,-6.699507,16.849452,-12.600146,-10.281385,44.859307,55.140693,-9.584162,-27.746900,16.849452,藍營優勢區,7,1994|1998|2002|2006|2010|2014|2022,seven-election-median,matched,
中山區,康樂里,-19.432807,-3.597122,-31.694469,-12.850242,-11.437403,16.011236,-19.257951,-12.850242,43.574879,56.425121,-11.751251,-31.694469,16.011236,藍營優勢區,7,1994|1998|2002|2006|2010|2014|2022,seven-election-median,matched,
中山區,復華里,-23.580786,-11.738351,-37.010844,-26.225366,-24.448147,6.031746,-24.536301,-24.448147,37.775927,62.224073,-20.215436,-37.010844,6.031746,藍營優勢區,7,1994|1998|2002|2006|2010|2014|2022,seven-election-median,matched,
中山區,晴光里,-2.026342,-1.499118,-24.585366,-5.715681,-8.895949,17.923875,-16.587226,-5.715681,47.142159,52.857841,-5.912258,-24.585366,17.923875,藍營優勢區,7,1994|1998|2002|2006|2010|2014|2022,seven-election-median,matched,
中山區,集英里,13.111311,18.446602,-5.501415,12.358049,8.994413,32.197444,3.595011,12.358049,56.179025,43.820975,11.885916,-5.501415,32.197444,綠營優勢區,7,1994|1998|2002|2006|2010|2014|2022,seven-election-median,matched,
中山區,圓山里,-14.191176,-5.878031,-12.909836,7.083825,1.319982,25.415282,-6.869301,-5.878031,47.060985,52.939015,-0.861322,-14.191176,25.415282,藍營優勢區,7,1994|1998|2002|2006|2010|2014|2022,seven-election-median,matched,
中山區,新生里,15.448326,10.365449,-8.869814,10.999614,10.100334,32.689747,-0.785855,10.365449,55.182724,44.817276,9.992543,-8.869814,32.689747,綠營優勢區,7,1994|1998|2002|2006|2010|2014|2022,seven-election-median,matched,
中山區,新庄里,9.517426,8.014633,-12.193362,6.544393,6.377111,29.760701,-5.400372,6.544393,53.272197,46.727803,6.088647,-12.193362,29.760701,綠營優勢區,7,1994|1998|2002|2006|2010|2014|2022,seven-election-median,matched,
中山區,新喜里,15.361345,16.212793,-9.929078,9.869203,5.598391,33.026618,-0.736377,9.869203,54.934602,45.065398,9.914699,-9.929078,33.026618,綠營優勢區,7,1994|1998|2002|2006|2010|2014|2022,seven-election-median,matched,
中山區,新福里,18.560480,18.193384,-4.123342,15.866308,13.257965,37.702703,7.967166,15.866308,57.933154,42.066846,15.346381,-4.123342,37.702703,綠營優勢區,7,1994|1998|2002|2006|2010|2014|2022,seven-election-median,matched,
中山區,聚盛里,-1.148106,0.350175,-19.360568,-3.026401,-8.790675,14.030612,-21.649485,-3.026401,48.486800,51.513200,-5.656350,-21.649485,14.030612,中立區,7,1994|1998|2002|2006|2010|2014|2022,seven-election-median,matched,
中山區,聚葉里,5.718271,5.732484,-12.395833,0.922722,-3.464870,20.833333,-8.819876,0.922722,50.461361,49.538639,1.218033,-12.395833,20.833333,中立區,7,1994|1998|2002|2006|2010|2014|2022,seven-election-median,matched,
中山區,劍潭里,-60.996441,-68.942731,-82.141309,-72.420538,-66.696429,-40.037594,-69.184652,-68.942731,15.528634,84.471366,-65.774242,-82.141309,-40.037594,藍營優勢區,7,1994|1998|2002|2006|2010|2014|2022,seven-election-median,matched,
中山區,興亞里,4.497802,10.297030,-12.567519,2.268041,3.623968,31.904921,-4.668742,3.623968,51.811984,48.188016,5.050786,-12.567519,31.904921,中立區,7,1994|1998|2002|2006|2010|2014|2022,seven-election-median,matched,
中山區,龍洲里,-53.612385,-41.275067,-58.577667,-51.430668,-51.466323,-21.210171,-49.278531,-51.430668,24.284666,75.715334,-46.692973,-58.577667,-21.210171,藍營優勢區,7,1994|1998|2002|2006|2010|2014|2022,seven-election-median,matched,
中正區,三愛里,-19.141324,-5.496971,-27.660618,-17.085020,-15.301530,14.765243,-12.469586,-15.301530,42.349235,57.650765,-11.769972,-27.660618,14.765243,藍營優勢區,7,1994|1998|2002|2006|2010|2014|2022,seven-election-median,matched,
中正區,文北里,-20.320111,-1.401709,-25.254046,-19.491178,-17.748619,16.821192,-13.627993,-17.748619,41.125691,58.874309,-11.574638,-25.254046,16.821192,藍營優勢區,7,1994|1998|2002|2006|2010|2014|2022,seven-election-median,matched,
中正區,文盛里,-16.557083,-8.735492,-30.958549,-15.994236,-12.827225,20.229738,-12.488769,-12.827225,43.586387,56.413613,-11.047374,-30.958549,20.229738,藍營優勢區,7,1994|1998|2002|2006|2010|2014|2022,seven-election-median,matched,
中正區,文祥里,-17.943648,-3.803681,-29.424307,-21.987865,-20.009833,14.918690,-11.805079,-17.943648,41.028176,58.971824,-12.865103,-29.424307,14.918690,藍營優勢區,7,1994|1998|2002|2006|2010|2014|2022,seven-election-median,matched,
中正區,水源里,-15.820643,-8.781609,-26.621160,-8.843537,-10.993533,19.534599,-10.144928,-10.144928,44.927536,55.072464,-8.810116,-26.621160,19.534599,藍營優勢區,7,1994|1998|2002|2006|2010|2014|2022,seven-election-median,matched,
中正區,永功里,-9.607086,0.142113,-25.361292,-5.376344,-5.081875,23.732031,-9.790795,-5.376344,47.311828,52.688172,-4.477607,-25.361292,23.732031,藍營優勢區,7,1994|1998|2002|2006|2010|2014|2022,seven-election-median,matched,
中正區,永昌里,-9.007194,-0.636574,-26.373984,-12.323682,-9.048724,17.354839,-14.512922,-9.048724,45.475638,54.524362,-7.792606,-26.373984,17.354839,藍營優勢區,7,1994|1998|2002|2006|2010|2014|2022,seven-election-median,matched,
中正區,光復里,-3.707270,-0.713267,-25.479744,-14.754098,-12.524655,16.182171,-16.630356,-12.524655,43.737673,56.262327,-8.232460,-25.479744,16.182171,藍營優勢區,7,1994|1998|2002|2006|2010|2014|2022,seven-election-median,matched,
中正區,幸市里,-9.596553,2.558140,-2.112980,-10.418695,-8.767677,16.875237,-10.399101,-8.767677,45.616162,54.383838,-3.123090,-10.418695,16.875237,藍營優勢區,7,1994|1998|2002|2006|2010|2014|2022,seven-election-median,matched,
中正區,幸福里,-17.180277,-10.604870,-32.312925,-19.029851,-14.714228,11.287758,-15.129534,-15.129534,42.435233,57.564767,-13.954847,-32.312925,11.287758,藍營優勢區,7,1994|1998|2002|2006|2010|2014|2022,seven-election-median,matched,
中正區,忠勤里,-25.862069,-15.803222,-38.729198,-20.665658,-15.741729,7.602339,-25.462773,-20.665658,39.667171,60.332829,-19.237473,-38.729198,7.602339,藍營優勢區,7,1994|1998|2002|2006|2010|2014|2022,seven-election-median,matched,
中正區,東門里,-28.132864,-25.565217,-49.365014,-39.785992,-31.407035,3.180828,-25.910364,-28.132864,35.933568,64.066432,-28.140808,-49.365014,3.180828,藍營優勢區,7,1994|1998|2002|2006|2010|2014|2022,seven-election-median,matched,
中正區,板溪里,-14.167813,-8.453993,-29.828109,-20.533643,-17.635066,15.515516,-22.799423,-17.635066,41.182467,58.817533,-13.986076,-29.828109,15.515516,藍營優勢區,7,1994|1998|2002|2006|2010|2014|2022,seven-election-median,matched,
中正區,林興里,-32.448187,-23.386821,-44.664920,-34.485739,-28.646617,0.228833,-28.268156,-28.646617,35.676692,64.323308,-27.381658,-44.664920,0.228833,藍營優勢區,7,1994|1998|2002|2006|2010|2014|2022,seven-election-median,matched,
中正區,河堤里,-33.706755,-22.144359,-40.902256,-27.280779,-26.081778,7.239819,-21.982759,-26.081778,36.959111,63.040889,-23.551267,-40.902256,7.239819,藍營優勢區,7,1994|1998|2002|2006|2010|2014|2022,seven-election-median,matched,
中正區,南門里,-44.929738,-36.506550,-53.179825,-36.581709,-34.767989,2.394822,-26.587302,-36.506550,31.746725,68.253275,-32.879756,-53.179825,2.394822,藍營優勢區,7,1994|1998|2002|2006|2010|2014|2022,seven-election-median,matched,
中正區,南福里,-17.697711,-8.327869,-34.089835,-23.329253,-22.041854,15.359358,-20.174588,-20.174588,39.912706,60.087294,-15.757393,-34.089835,15.359358,藍營優勢區,7,1994|1998|2002|2006|2010|2014|2022,seven-election-median,matched,
中正區,建國里,-44.430538,-35.849057,-47.550432,-39.279588,-28.176796,5.576208,-24.390244,-35.849057,32.075472,67.924528,-30.585778,-47.550432,5.576208,藍營優勢區,7,1994|1998|2002|2006|2010|2014|2022,seven-election-median,matched,
中正區,梅花里,-14.527629,-7.644166,-27.034121,-14.097969,-13.116592,15.783540,-8.802538,-13.116592,43.441704,56.558296,-9.919925,-27.034121,15.783540,藍營優勢區,7,1994|1998|2002|2006|2010|2014|2022,seven-election-median,matched,
中正區,頂東里,-14.358829,-4.753673,-29.716550,-16.781293,-15.690197,16.601671,-15.844364,-15.690197,42.154901,57.845099,-11.506176,-29.716550,16.601671,藍營優勢區,7,1994|1998|2002|2006|2010|2014|2022,seven-election-median,matched,
中正區,富水里,-60.092539,-59.594680,-68.215720,-58.024691,-52.542373,-14.351145,-42.581423,-58.024691,20.987654,79.012346,-50.771796,-68.215720,-14.351145,藍營優勢區,7,1994|1998|2002|2006|2010|2014|2022,seven-election-median,matched,
中正區,廈安里,-7.485030,1.182654,-27.980296,-10.624315,-12.764955,21.463200,-8.446164,-8.446164,45.776918,54.223082,-6.379272,-27.980296,21.463200,藍營優勢區,7,1994|1998|2002|2006|2010|2014|2022,seven-election-median,matched,
中正區,愛國里,-14.772204,-10.782866,-29.633740,-11.371020,-9.862142,14.529005,-14.921682,-11.371020,44.314490,55.685510,-10.973521,-29.633740,14.529005,藍營優勢區,7,1994|1998|2002|2006|2010|2014|2022,seven-election-median,matched,
中正區,新營里,-31.590501,-22.547614,-46.259887,-39.236562,-34.522786,4.876530,-26.753944,-31.590501,34.204750,65.795250,-28.004966,-46.259887,4.876530,藍營優勢區,7,1994|1998|2002|2006|2010|2014|2022,seven-election-median,matched,
中正區,網溪里,-23.798077,-13.421439,-33.609694,-21.758242,-20.012203,12.215909,-17.282889,-20.012203,39.993899,60.006101,-16.809519,-33.609694,12.215909,藍營優勢區,7,1994|1998|2002|2006|2010|2014|2022,seven-election-median,matched,
中正區,黎明里,-17.979198,-10.928962,-35.529716,-24.489796,-22.432963,6.162294,-20.035939,-20.035939,39.982031,60.017969,-17.890611,-35.529716,6.162294,藍營優勢區,7,1994|1998|2002|2006|2010|2014|2022,seven-election-median,matched,
中正區,螢圃里,-23.671498,-11.111111,-32.525510,-20.471895,-19.749777,9.378882,-19.371728,-19.749777,40.125112,59.874888,-16.788948,-32.525510,9.378882,藍營優勢區,7,1994|1998|2002|2006|2010|2014|2022,seven-election-median,matched,
中正區,螢雪里,-16.129032,-11.345276,-33.178114,-15.622242,-14.475628,13.251267,-22.675737,-15.622242,42.188879,57.811121,-14.310680,-33.178114,13.251267,藍營優勢區,7,1994|1998|2002|2006|2010|2014|2022,seven-election-median,matched,
中正區,龍光里,-36.258336,-22.956879,-42.079208,-31.000000,-23.397260,13.302034,-18.597064,-23.397260,38.301370,61.698630,-22.998102,-42.079208,13.302034,藍營優勢區,7,1994|1998|2002|2006|2010|2014|2022,seven-election-median,matched,
中正區,龍福里,-25.925926,-17.870292,-36.320475,-25.837321,-21.615202,14.694712,-12.872340,-21.615202,39.192399,60.807601,-17.963835,-36.320475,14.694712,藍營優勢區,7,1994|1998|2002|2006|2010|2014|2022,seven-election-median,matched,
中正區,龍興里,-15.583554,-6.907111,-32.822362,-17.359667,-10.967145,20.778073,-10.697674,-10.967145,44.516428,55.483572,-10.508491,-32.822362,20.778073,藍營優勢區,7,1994|1998|2002|2006|2010|2014|2022,seven-election-median,matched,
內湖區,大湖里,-22.315472,-12.795751,-36.904762,-24.580777,-23.922114,15.031847,-19.288119,-22.315472,38.842264,61.157736,-17.825021,-36.904762,15.031847,藍營優勢區,7,1994|1998|2002|2006|2010|2014|2022,seven-election-median,matched,
內湖區,五分里,1.691729,1.287375,-28.580631,-9.017751,-8.218126,23.476005,-13.403230,-8.218126,45.890937,54.109063,-4.680661,-28.580631,23.476005,藍營優勢區,7,1994|1998|2002|2006|2010|2014|2022,seven-election-median,matched,
內湖區,內湖里,-19.280000,-11.297071,-40.745585,-23.775727,-19.891664,11.958406,-22.352941,-19.891664,40.054168,59.945832,-17.912083,-40.745585,11.958406,藍營優勢區,7,1994|1998|2002|2006|2010|2014|2022,seven-election-median,matched,
內湖區,內溝里,-12.453393,-11.468561,-32.429991,-9.217738,-12.615385,20.102339,-10.640732,-11.468561,44.265720,55.734280,-9.817637,-32.429991,20.102339,藍營優勢區,7,1994|1998|2002|2006|2010|2014|2022,seven-election-median,matched,
內湖區,石潭里,-6.290243,5.555556,-0.199336,-4.009721,-7.398932,17.375705,-22.500000,-4.009721,47.995140,52.004860,-2.495282,-22.500000,17.375705,中立區,7,1994|1998|2002|2006|2010|2014|2022,seven-election-median,matched,
內湖區,行善里,9.304603,6.837904,-24.172462,-1.040025,-1.961868,23.065095,-8.770694,-1.040025,49.479987,50.520013,0.466079,-24.172462,23.065095,中立區,7,1994|1998|2002|2006|2010|2014|2022,seven-election-median,matched,
內湖區,西安里,-17.039275,-9.937720,-34.502924,-18.557337,-15.254237,14.307229,-18.160742,-17.039275,41.480363,58.519637,-14.163572,-34.502924,14.307229,藍營優勢區,7,1994|1998|2002|2006|2010|2014|2022,seven-election-median,matched,
內湖區,西康里,-25.271542,-17.135439,-40.856560,-26.700072,-25.095747,10.250141,-20.709746,-25.095747,37.452127,62.547873,-20.788424,-40.856560,10.250141,藍營優勢區,7,1994|1998|2002|2006|2010|2014|2022,seven-election-median,matched,
內湖區,西湖里,-7.993269,-0.853312,-22.012868,-9.095503,-8.000902,26.387967,-7.130188,-7.993269,46.003366,53.996634,-4.099725,-22.012868,26.387967,藍營優勢區,7,1994|1998|2002|2006|2010|2014|2022,seven-election-median,matched,
內湖區,東湖里,-10.365769,-3.752203,-30.077249,-11.938664,-9.489705,22.288898,-12.529392,-10.365769,44.817115,55.182885,-7.980583,-30.077249,22.288898,藍營優勢區,7,1994|1998|2002|2006|2010|2014|2022,seven-election-median,matched,
內湖區,金瑞里,-18.784370,-11.081513,-35.024223,-16.334165,-15.786763,15.011430,-10.854159,-15.786763,42.106619,57.893381,-13.264823,-35.024223,15.011430,藍營優勢區,7,1994|1998|2002|2006|2010|2014|2022,seven-election-median,matched,
內湖區,金龍里,-22.450159,-12.390925,-34.764762,-19.471947,-15.290424,16.177389,-17.818524,-17.818524,41.090738,58.909262,-15.144193,-34.764762,16.177389,藍營優勢區,7,1994|1998|2002|2006|2010|2014|2022,seven-election-median,matched,
內湖區,清白里,-29.366438,-19.898122,-42.620137,-29.359823,-27.421184,9.318616,-20.688614,-27.421184,36.289408,63.710592,-22.862243,-42.620137,9.318616,藍營優勢區,7,1994|1998|2002|2006|2010|2014|2022,seven-election-median,matched,
內湖區,港都里,-3.814103,1.622971,-25.810904,-12.290285,-7.911803,20.653882,-9.753788,-7.911803,46.044099,53.955901,-5.329147,-25.810904,20.653882,藍營優勢區,7,1994|1998|2002|2006|2010|2014|2022,seven-election-median,matched,
內湖區,港富里,-8.097928,-0.799709,-23.165639,-7.904533,-7.525271,20.000000,-9.646928,-7.904533,46.047734,53.952266,-5.305715,-23.165639,20.000000,藍營優勢區,7,1994|1998|2002|2006|2010|2014|2022,seven-election-median,matched,
內湖區,港華里,-14.120370,-6.840530,-30.251530,-15.672745,-12.913640,22.060817,-15.908432,-14.120370,42.939815,57.060185,-10.520919,-30.251530,22.060817,藍營優勢區,7,1994|1998|2002|2006|2010|2014|2022,seven-election-median,matched,
內湖區,港墘里,-7.134852,-1.350927,-27.798982,-9.502262,-11.065931,23.181818,-13.145737,-9.502262,45.248869,54.751131,-6.688125,-27.798982,23.181818,藍營優勢區,7,1994|1998|2002|2006|2010|2014|2022,seven-election-median,matched,
內湖區,湖元里,-13.210568,-8.429261,-30.036364,-15.555556,-9.923664,19.164849,-11.547239,-11.547239,44.226381,55.773619,-9.933972,-30.036364,19.164849,藍營優勢區,7,1994|1998|2002|2006|2010|2014|2022,seven-election-median,matched,
內湖區,湖興里,-13.022246,-5.906210,-29.063181,-14.947947,-10.153846,19.856631,-12.490922,-12.490922,43.754539,56.245461,-9.389674,-29.063181,19.856631,藍營優勢區,7,1994|1998|2002|2006|2010|2014|2022,seven-election-median,matched,
內湖區,湖濱里,-31.231672,-23.429663,-44.672532,-30.268403,-27.200177,5.037513,-27.754616,-27.754616,36.122692,63.877308,-25.645650,-44.672532,5.037513,藍營優勢區,7,1994|1998|2002|2006|2010|2014|2022,seven-election-median,matched,
內湖區,紫星里,-15.160600,-5.417515,-31.310523,-13.731061,-11.620017,20.272572,-10.389610,-11.620017,44.189992,55.810008,-9.622393,-31.310523,20.272572,藍營優勢區,7,1994|1998|2002|2006|2010|2014|2022,seven-election-median,matched,
內湖區,紫陽里,-22.752734,-10.524994,-11.297710,-19.764838,-15.840220,14.543502,-14.188563,-14.188563,42.905719,57.094281,-11.403651,-22.752734,14.543502,藍營優勢區,7,1994|1998|2002|2006|2010|2014|2022,seven-election-median,matched,
內湖區,紫雲里,-42.492442,-33.794466,-53.244391,-38.628649,-35.140073,-0.714711,-32.762506,-35.140073,32.429963,67.570037,-33.825320,-53.244391,-0.714711,藍營優勢區,7,1994|1998|2002|2006|2010|2014|2022,seven-election-median,matched,
內湖區,週美里,16.300175,25.051055,-0.558659,17.604790,8.902170,27.161366,-6.859624,16.300175,58.150087,41.849913,12.514468,-6.859624,27.161366,綠營優勢區,7,1994|1998|2002|2006|2010|2014|2022,seven-election-median,matched,
內湖區,瑞光里,-42.019544,-30.650805,-50.721501,-40.362716,-38.201439,-2.847100,-31.193694,-38.201439,30.899281,69.100719,-33.713828,-50.721501,-2.847100,藍營優勢區,7,1994|1998|2002|2006|2010|2014|2022,seven-election-median,matched,
內湖區,瑞陽里,-50.557705,-40.189937,-56.329897,-45.362563,-39.873002,-6.552828,-36.548700,-40.189937,29.905031,70.094969,-39.344947,-56.329897,-6.552828,藍營優勢區,7,1994|1998|2002|2006|2010|2014|2022,seven-election-median,matched,
內湖區,葫洲里,-15.466857,-9.611222,-42.618151,-33.813264,-30.491248,10.002696,-29.543635,-29.543635,35.228183,64.771817,-21.648812,-42.618151,10.002696,藍營優勢區,7,1994|1998|2002|2006|2010|2014|2022,seven-election-median,matched,
內湖區,碧山里,-17.461246,-12.190238,-34.260497,-19.020603,-15.179487,16.154222,-19.361856,-17.461246,41.269377,58.730623,-14.474244,-34.260497,16.154222,藍營優勢區,7,1994|1998|2002|2006|2010|2014|2022,seven-election-median,matched,
內湖區,樂康里,-9.552473,-4.184498,-30.019589,-13.126362,-10.045563,23.899371,-13.040293,-10.045563,44.977218,55.022782,-8.009915,-30.019589,23.899371,藍營優勢區,7,1994|1998|2002|2006|2010|2014|2022,seven-election-median,matched,
文山區,木柵里,-41.761868,-36.499029,-54.643927,-45.234415,-39.543492,-9.839357,-42.315680,-41.761868,29.119066,70.880934,-38.548253,-54.643927,-9.839357,藍營優勢區,7,1994|1998|2002|2006|2010|2014|2022,seven-election-median,matched,
文山區,木新里,-18.896926,-14.593536,-38.852459,-25.411929,-18.755153,11.503395,-20.223776,-18.896926,40.551537,59.448463,-17.890055,-38.852459,11.503395,藍營優勢區,7,1994|1998|2002|2006|2010|2014|2022,seven-election-median,matched,
文山區,老泉里,28.514056,29.230769,-0.403226,26.511628,26.136364,39.019964,17.761557,26.511628,63.255814,36.744186,23.824445,-0.403226,39.019964,綠營優勢區,7,1994|1998|2002|2006|2010|2014|2022,seven-election-median,matched,
文山區,明義里,-45.061000,-31.770045,-53.708041,-31.640625,-34.356351,-11.745438,-36.465917,-34.356351,32.821824,67.178176,-34.963917,-53.708041,-11.745438,藍營優勢區,7,1994|1998|2002|2006|2010|2014|2022,seven-election-median,matched,
文山區,明興里,-38.033283,-27.829495,-54.865003,-43.766578,-35.075583,1.219196,-32.319109,-35.075583,32.462209,67.537791,-32.952836,-54.865003,1.219196,藍營優勢區,7,1994|1998|2002|2006|2010|2014|2022,seven-election-median,matched,
文山區,指南里,0.624566,2.030769,-21.650718,-9.550562,-5.059203,21.779141,-14.465409,-5.059203,47.470398,52.529602,-3.755917,-21.650718,21.779141,藍營優勢區,7,1994|1998|2002|2006|2010|2014|2022,seven-election-median,matched,
文山區,博嘉里,-26.597744,-22.187639,-41.861356,-24.618395,-22.071026,5.362183,-25.526537,-24.618395,37.690802,62.309198,-22.500073,-41.861356,5.362183,藍營優勢區,7,1994|1998|2002|2006|2010|2014|2022,seven-election-median,matched,
文山區,景仁里,-22.277228,-17.146776,-44.971963,-31.808183,-28.247734,5.070119,-31.487889,-28.247734,35.876133,64.123867,-24.409951,-44.971963,5.070119,藍營優勢區,7,1994|1998|2002|2006|2010|2014|2022,seven-election-median,matched,
文山區,景行里,9.006623,7.416880,-19.641077,-6.027705,-9.183673,21.092724,-14.197105,-6.027705,46.986148,53.013852,-1.647619,-19.641077,21.092724,藍營優勢區,7,1994|1998|2002|2006|2010|2014|2022,seven-election-median,matched,
文山區,景東里,-40.305149,-32.512051,-53.528773,-38.769324,-37.743806,0.104004,-35.664845,-37.743806,31.128097,68.871903,-34.059992,-53.528773,0.104004,藍營優勢區,7,1994|1998|2002|2006|2010|2014|2022,seven-election-median,matched,
文山區,景美里,-26.552795,-14.853713,-37.460317,-26.498697,-24.142661,8.880819,-21.359223,-24.142661,37.928669,62.071331,-20.283798,-37.460317,8.880819,藍營優勢區,7,1994|1998|2002|2006|2010|2014|2022,seven-election-median,matched,
文山區,景華里,-27.787507,-20.782686,-44.175684,-33.333333,-27.435210,1.909670,-28.665786,-27.787507,36.106246,63.893754,-25.752934,-44.175684,1.909670,藍營優勢區,7,1994|1998|2002|2006|2010|2014|2022,seven-election-median,matched,
文山區,景慶里,-26.813004,-15.730337,-42.809083,-28.548946,-24.247973,8.339995,-26.669301,-26.669301,36.665350,63.334650,-22.354093,-42.809083,8.339995,藍營優勢區,7,1994|1998|2002|2006|2010|2014|2022,seven-election-median,matched,
文山區,華興里,-34.209848,-27.045566,-49.928537,-36.757193,-36.298482,-0.206612,-34.944444,-34.944444,32.527778,67.472222,-31.341526,-49.928537,-0.206612,藍營優勢區,7,1994|1998|2002|2006|2010|2014|2022,seven-election-median,matched,
文山區,順興里,-30.938715,-24.695275,-41.681483,-24.851904,-22.917670,9.189925,-27.651007,-24.851904,37.574048,62.425952,-23.363733,-41.681483,9.189925,藍營優勢區,7,1994|1998|2002|2006|2010|2014|2022,seven-election-median,matched,
文山區,萬年里,-27.204503,-16.601563,-36.909582,-24.990577,-23.106181,12.266501,-19.906977,-23.106181,38.446910,61.553090,-19.493269,-36.909582,12.266501,藍營優勢區,7,1994|1998|2002|2006|2010|2014|2022,seven-election-median,matched,
文山區,萬有里,-27.632052,-16.414763,-42.114892,-30.230608,-28.940217,2.017291,-28.115435,-28.115435,35.942282,64.057718,-24.490097,-42.114892,2.017291,藍營優勢區,7,1994|1998|2002|2006|2010|2014|2022,seven-election-median,matched,
文山區,萬和里,-59.032258,-49.395509,-67.077799,-58.417085,-38.475666,-27.349973,-49.404345,-49.404345,25.297828,74.702172,-49.878948,-67.077799,-27.349973,藍營優勢區,7,1994|1998|2002|2006|2010|2014|2022,seven-election-median,matched,
文山區,萬芳里,-36.577181,-26.116037,-53.248056,-39.623656,-37.656428,0.225327,-35.269710,-36.577181,31.711409,68.288591,-32.609392,-53.248056,0.225327,藍營優勢區,7,1994|1998|2002|2006|2010|2014|2022,seven-election-median,matched,
文山區,萬盛里,-39.035551,-29.329609,-48.986975,-37.427681,-34.296578,1.002865,-26.484254,-34.296578,32.851711,67.148289,-30.651112,-48.986975,1.002865,藍營優勢區,7,1994|1998|2002|2006|2010|2014|2022,seven-election-median,matched,
文山區,萬祥里,-26.242081,-19.971721,-42.255759,-25.800866,-24.596320,11.344853,-18.694690,-24.596320,37.701840,62.298160,-20.888083,-42.255759,11.344853,藍營優勢區,7,1994|1998|2002|2006|2010|2014|2022,seven-election-median,matched,
文山區,萬隆里,-35.632184,-23.717385,-48.365847,-36.252380,-31.580194,-0.119474,-31.285859,-31.580194,34.209903,65.790097,-29.564760,-48.365847,-0.119474,藍營優勢區,7,1994|1998|2002|2006|2010|2014|2022,seven-election-median,matched,
文山區,萬興里,-21.203905,-16.656058,-42.586638,-31.009981,-23.432194,13.069519,-21.471292,-21.471292,39.264354,60.735646,-20.470078,-42.586638,13.069519,藍營優勢區,7,1994|1998|2002|2006|2010|2014|2022,seven-election-median,matched,
文山區,試院里,-46.970571,-37.398374,-58.183329,-46.247712,-43.022088,-5.187391,-39.376771,-43.022088,28.488956,71.511044,-39.483748,-58.183329,-5.187391,藍營優勢區,7,1994|1998|2002|2006|2010|2014|2022,seven-election-median,matched,
文山區,樟林里,-40.432612,-27.611209,-51.883814,-40.530027,-35.156576,-1.747736,-35.940299,-35.940299,32.029851,67.970149,-33.328896,-51.883814,-1.747736,藍營優勢區,7,1994|1998|2002|2006|2010|2014|2022,seven-election-median,matched,
文山區,樟新里,-27.776751,-19.780392,-43.550201,-31.982942,-31.792295,3.331238,-35.164340,-31.792295,34.103853,65.896147,-26.673669,-43.550201,3.331238,藍營優勢區,7,1994|1998|2002|2006|2010|2014|2022,seven-election-median,matched,
文山區,樟腳里,-22.113119,-16.521739,-42.456406,-28.843210,-24.407895,11.324376,-26.986978,-24.407895,37.796053,62.203947,-21.429282,-42.456406,11.324376,藍營優勢區,7,1994|1998|2002|2006|2010|2014|2022,seven-election-median,matched,
文山區,興光里,-29.551020,-25.172891,-46.998867,-30.749682,-29.767693,0.567303,-35.063207,-29.767693,35.116153,64.883847,-28.105151,-46.998867,0.567303,藍營優勢區,7,1994|1998|2002|2006|2010|2014|2022,seven-election-median,matched,
文山區,興安里,-37.458806,-35.785756,-52.509111,-40.731400,-39.218293,-7.043025,-38.037866,-38.037866,30.981067,69.018933,-35.826322,-52.509111,-7.043025,藍營優勢區,7,1994|1998|2002|2006|2010|2014|2022,seven-election-median,matched,
文山區,興旺里,-39.530133,-35.288992,-16.850474,-46.662797,-41.466888,-3.984064,-41.639344,-39.530133,30.234934,69.765066,-32.203242,-46.662797,-3.984064,藍營優勢區,7,1994|1998|2002|2006|2010|2014|2022,seven-election-median,matched,
文山區,興昌里,-44.325290,-36.225459,-55.408255,-45.852090,-38.419619,-4.694323,-33.078977,-38.419619,30.790191,69.209809,-36.857716,-55.408255,-4.694323,藍營優勢區,7,1994|1998|2002|2006|2010|2014|2022,seven-election-median,matched,
文山區,興家里,-42.925516,-33.492111,-53.450349,-41.849742,-35.324312,-2.224303,-38.415842,-38.415842,30.792079,69.207921,-35.383168,-53.450349,-2.224303,藍營優勢區,7,1994|1998|2002|2006|2010|2014|2022,seven-election-median,matched,
文山區,興泰里,-39.026915,-30.902778,-54.145438,-37.299035,-33.877551,0.516351,-30.045351,-33.877551,33.061224,66.938776,-32.111531,-54.145438,0.516351,藍營優勢區,7,1994|1998|2002|2006|2010|2014|2022,seven-election-median,matched,
文山區,興得里,-36.083069,-28.240870,-50.996822,-36.553614,-34.688995,-2.770331,-35.251216,-35.251216,32.374392,67.625608,-32.083560,-50.996822,-2.770331,藍營優勢區,7,1994|1998|2002|2006|2010|2014|2022,seven-election-median,matched,
文山區,興業里,-44.871388,-40.902301,-62.707535,-49.707174,-44.064000,-8.532644,-41.445891,-44.064000,27.968000,72.032000,-41.747276,-62.707535,-8.532644,藍營優勢區,7,1994|1998|2002|2006|2010|2014|2022,seven-election-median,matched,
文山區,興福里,-24.031459,-17.959066,-42.773208,-28.854025,-27.729636,5.824040,-22.432790,-24.031459,37.984270,62.015730,-22.565163,-42.773208,5.824040,藍營優勢區,7,1994|1998|2002|2006|2010|2014|2022,seven-election-median,matched,
文山區,興豐里,-30.711123,-24.672489,-49.898001,-39.387162,-32.751092,1.554770,-26.424361,-30.711123,34.644439,65.355561,-28.898494,-49.898001,1.554770,藍營優勢區,7,1994|1998|2002|2006|2010|2014|2022,seven-election-median,matched,
北投區,一德里,12.958843,13.159968,-9.195402,9.926116,12.633498,35.367612,4.874746,12.633498,56.316749,43.683251,11.389340,-9.195402,35.367612,綠營優勢區,7,1994|1998|2002|2006|2010|2014|2022,seven-election-median,matched,
北投區,八仙里,14.056868,12.256669,-10.852149,5.341712,4.347826,28.440367,-1.271785,5.341712,52.670856,47.329144,7.474215,-10.852149,28.440367,綠營優勢區,7,1994|1998|2002|2006|2010|2014|2022,seven-election-median,matched,
北投區,大同里,17.218543,12.835140,-11.535022,5.819398,9.701280,35.054504,6.153165,9.701280,54.850640,45.149360,10.749573,-11.535022,35.054504,綠營優勢區,7,1994|1998|2002|2006|2010|2014|2022,seven-election-median,matched,
北投區,中心里,-7.682698,-2.898099,-27.401221,-5.077422,-6.382979,23.629055,-7.797980,-6.382979,46.808511,53.191489,-4.801621,-27.401221,23.629055,藍營優勢區,7,1994|1998|2002|2006|2010|2014|2022,seven-election-median,matched,
北投區,中央里,12.920738,15.544041,-10.957599,11.711230,10.898350,33.811833,4.842767,11.711230,55.855615,44.144385,11.253051,-10.957599,33.811833,綠營優勢區,7,1994|1998|2002|2006|2010|2014|2022,seven-election-median,matched,
北投區,中和里,-6.930072,-1.654307,-30.053476,-12.311849,-11.318795,15.353261,-8.669951,-8.669951,45.665025,54.334975,-7.940741,-30.053476,15.353261,藍營優勢區,7,1994|1998|2002|2006|2010|2014|2022,seven-election-median,matched,
北投區,中庸里,0.440205,7.427735,-15.205870,5.349794,6.723012,32.264223,-0.570704,5.349794,52.674897,47.325103,5.204056,-15.205870,32.264223,綠營優勢區,7,1994|1998|2002|2006|2010|2014|2022,seven-election-median,matched,
北投區,文化里,-51.605175,-39.858491,-56.144578,-47.155963,-42.879438,-12.645591,-44.463768,-44.463768,27.768116,72.231884,-42.107572,-56.144578,-12.645591,藍營優勢區,7,1994|1998|2002|2006|2010|2014|2022,seven-election-median,matched,
北投區,文林里,9.105119,14.701493,-7.595928,4.325482,6.117738,33.410583,7.384786,7.384786,53.692393,46.307607,9.635610,-7.595928,33.410583,綠營優勢區,7,1994|1998|2002|2006|2010|2014|2022,seven-election-median,matched,
北投區,永和里,-7.797468,1.784897,-20.640000,-6.149667,-5.193735,23.936914,-1.624738,-5.193735,47.403133,52.596867,-2.240542,-20.640000,23.936914,藍營優勢區,7,1994|1998|2002|2006|2010|2014|2022,seven-election-median,matched,
北投區,永明里,-9.934319,-4.373832,-26.226342,-12.983066,-10.636809,21.588448,-12.356021,-10.636809,44.681596,55.318404,-7.845992,-26.226342,21.588448,藍營優勢區,7,1994|1998|2002|2006|2010|2014|2022,seven-election-median,matched,
北投區,永欣里,-29.964115,-19.779917,-40.168067,-26.255380,-21.801975,13.844692,-12.070596,-21.801975,39.099012,60.900988,-19.456480,-40.168067,13.844692,藍營優勢區,7,1994|1998|2002|2006|2010|2014|2022,seven-election-median,matched,
北投區,石牌里,5.046282,11.856428,-11.766656,3.774276,5.919003,31.519413,1.251739,5.046282,52.523141,47.476859,6.800069,-11.766656,31.519413,綠營優勢區,7,1994|1998|2002|2006|2010|2014|2022,seven-election-median,matched,
北投區,立農里,2.439024,7.850099,-14.924446,-1.566099,1.338944,29.245648,-2.223473,1.338944,50.669472,49.330528,3.165671,-14.924446,29.245648,中立區,7,1994|1998|2002|2006|2010|2014|2022,seven-election-median,matched,
北投區,立賢里,-0.493908,4.164038,-19.596639,2.545744,2.475713,30.124323,-3.867403,2.475713,51.237856,48.762144,2.193124,-19.596639,30.124323,中立區,7,1994|1998|2002|2006|2010|2014|2022,seven-election-median,matched,
北投區,吉利里,-15.571914,-11.265721,-34.921494,-22.957921,-15.915457,15.950000,-17.096895,-15.915457,42.042271,57.957729,-14.539915,-34.921494,15.950000,藍營優勢區,7,1994|1998|2002|2006|2010|2014|2022,seven-election-median,matched,
北投區,吉慶里,4.774714,9.987277,-12.070128,6.091563,3.057905,32.416503,3.319920,4.774714,52.387357,47.612643,6.796822,-12.070128,32.416503,中立區,7,1994|1998|2002|2006|2010|2014|2022,seven-election-median,matched,
北投區,秀山里,-8.245243,-9.075044,-30.754163,-14.891304,-7.477086,16.512821,-11.061618,-9.075044,45.462478,54.537522,-9.284520,-30.754163,16.512821,藍營優勢區,7,1994|1998|2002|2006|2010|2014|2022,seven-election-median,matched,
北投區,奇岩里,-0.310800,3.116556,-20.511841,-5.298570,-1.443593,24.413646,-5.072937,-1.443593,49.278204,50.721796,-0.729648,-20.511841,24.413646,中立區,7,1994|1998|2002|2006|2010|2014|2022,seven-election-median,matched,
北投區,東華里,-23.980309,-16.269708,-30.594277,-20.439739,-16.926346,12.791991,-18.816068,-18.816068,40.591966,59.408034,-16.319208,-30.594277,12.791991,藍營優勢區,7,1994|1998|2002|2006|2010|2014|2022,seven-election-median,matched,
北投區,林泉里,-29.847909,-23.889437,-43.538547,-33.902760,-29.540230,3.654485,-18.650089,-29.540230,35.229885,64.770115,-25.102070,-43.538547,3.654485,藍營優勢區,7,1994|1998|2002|2006|2010|2014|2022,seven-election-median,matched,
北投區,長安里,-2.832244,2.685347,-17.934272,2.493261,0.462535,28.404669,-2.514669,0.462535,50.231267,49.768733,1.537804,-17.934272,28.404669,中立區,7,1994|1998|2002|2006|2010|2014|2022,seven-election-median,matched,
北投區,建民里,3.308063,7.149918,-5.337287,20.471698,17.129432,30.475816,5.845835,7.149918,53.574959,46.425041,11.291925,-5.337287,30.475816,綠營優勢區,7,1994|1998|2002|2006|2010|2014|2022,seven-election-median,matched,
北投區,泉源里,10.537634,10.150622,-10.919540,13.770492,16.452074,35.857461,6.396588,10.537634,55.268817,44.731183,11.749333,-10.919540,35.857461,綠營優勢區,7,1994|1998|2002|2006|2010|2014|2022,seven-election-median,matched,
北投區,洲美里,40.822467,31.792976,13.076199,40.471513,34.996436,52.361111,26.129666,34.996436,67.498218,32.501782,34.235767,13.076199,52.361111,綠營優勢區,7,1994|1998|2002|2006|2010|2014|2022,seven-election-median,matched,
北投區,振華里,-11.255502,-3.544930,-25.534308,-13.776016,-13.106576,17.324955,-12.764550,-12.764550,43.617725,56.382275,-8.950990,-25.534308,17.324955,藍營優勢區,7,1994|1998|2002|2006|2010|2014|2022,seven-election-median,matched,
北投區,桃源里,7.126586,12.004989,-15.226891,5.617174,8.282582,29.669720,1.343874,7.126586,53.563293,46.436707,6.974005,-15.226891,29.669720,綠營優勢區,7,1994|1998|2002|2006|2010|2014|2022,seven-election-median,matched,
北投區,清江里,10.084863,11.273911,-13.981090,6.106870,6.939430,29.614927,-1.430930,6.939430,53.469715,46.530285,6.943997,-13.981090,29.614927,綠營優勢區,7,1994|1998|2002|2006|2010|2014|2022,seven-election-median,matched,
北投區,尊賢里,8.960573,13.575269,-11.807055,5.965791,7.567368,34.217311,12.269616,8.960573,54.480287,45.519713,10.106982,-11.807055,34.217311,綠營優勢區,7,1994|1998|2002|2006|2010|2014|2022,seven-election-median,matched,
北投區,智仁里,-18.120805,-10.759324,-31.700370,-16.921035,-12.081679,15.995587,-12.641815,-12.641815,43.679092,56.320908,-12.318492,-31.700370,15.995587,藍營優勢區,7,1994|1998|2002|2006|2010|2014|2022,seven-election-median,matched,
北投區,湖山里,-4.157303,4.474394,-19.362951,2.666667,3.341483,26.869806,-3.262411,2.666667,51.333333,48.666667,1.509955,-19.362951,26.869806,中立區,7,1994|1998|2002|2006|2010|2014|2022,seven-election-median,matched,
北投區,開明里,-9.758965,-7.587940,-28.156425,-10.944528,-11.266846,16.503856,-11.127013,-10.944528,44.527736,55.472264,-8.905409,-28.156425,16.503856,藍營優勢區,7,1994|1998|2002|2006|2010|2014|2022,seven-election-median,matched,
北投區,溫泉里,-6.433678,1.330550,-20.901408,0.219230,1.600000,26.466089,-2.288413,0.219230,50.109615,49.890385,-0.001090,-20.901408,26.466089,中立區,7,1994|1998|2002|2006|2010|2014|2022,seven-election-median,matched,
北投區,裕民里,-4.771893,2.003910,-22.977178,-10.039041,-6.990603,22.625448,-8.085913,-6.990603,46.504699,53.495301,-4.033610,-22.977178,22.625448,藍營優勢區,7,1994|1998|2002|2006|2010|2014|2022,seven-election-median,matched,
北投區,榮光里,-3.510393,1.741351,-21.690711,-6.518106,-6.096044,21.807001,-11.559633,-6.096044,46.951978,53.048022,-3.689505,-21.690711,21.807001,藍營優勢區,7,1994|1998|2002|2006|2010|2014|2022,seven-election-median,matched,
北投區,榮華里,-8.894879,-3.589022,-26.064484,-13.398263,-10.865052,21.879919,-10.462447,-10.462447,44.768777,55.231223,-7.342033,-26.064484,21.879919,藍營優勢區,7,1994|1998|2002|2006|2010|2014|2022,seven-election-median,matched,
北投區,福興里,-2.888087,4.119107,-16.832187,-1.661130,-0.474170,27.294982,-6.110915,-1.661130,49.169435,50.830565,0.492514,-16.832187,27.294982,中立區,7,1994|1998|2002|2006|2010|2014|2022,seven-election-median,matched,
北投區,稻香里,-22.666667,-16.375312,-36.647315,-17.494600,-8.218232,17.761557,-16.954405,-16.954405,41.522798,58.477202,-14.370711,-36.647315,17.761557,藍營優勢區,7,1994|1998|2002|2006|2010|2014|2022,seven-election-median,matched,
北投區,豐年里,0.037133,-2.842184,-25.628548,-7.956170,-3.300825,22.337755,-9.617613,-3.300825,48.349587,51.650413,-3.852922,-25.628548,22.337755,中立區,7,1994|1998|2002|2006|2010|2014|2022,seven-election-median,matched,
北投區,關渡里,-6.262196,2.871369,-23.709878,-3.613054,0.768869,28.257779,-7.358533,-3.613054,48.193473,51.806527,-1.292235,-23.709878,28.257779,中立區,7,1994|1998|2002|2006|2010|2014|2022,seven-election-median,matched,
松山區,三民里,-26.250619,-13.125453,-35.950731,-24.341911,-21.970495,8.930883,-20.879121,-21.970495,39.014752,60.985248,-19.083921,-35.950731,8.930883,藍營優勢區,7,1994|1998|2002|2006|2010|2014|2022,seven-election-median,matched,
松山區,中正里,-1.481149,7.963044,-16.564417,-2.664577,-8.335023,22.862669,-5.560357,-2.664577,48.667712,51.332288,-0.539973,-16.564417,22.862669,中立區,7,1994|1998|2002|2006|2010|2014|2022,seven-election-median,matched,
松山區,中崙里,-8.813839,3.099511,-20.873124,-8.739837,-14.051842,12.516241,-14.285714,-8.813839,45.593081,54.406919,-7.306943,-20.873124,12.516241,藍營優勢區,7,1994|1998|2002|2006|2010|2014|2022,seven-election-median,matched,
松山區,中華里,-32.385939,-17.260088,-36.586826,-26.468689,-23.072481,9.912454,-22.026094,-23.072481,38.463760,61.536240,-21.126809,-36.586826,9.912454,藍營優勢區,7,1994|1998|2002|2006|2010|2014|2022,seven-election-median,matched,
松山區,介壽里,-11.697575,-2.755620,-21.573398,-10.801394,-9.724349,19.937573,-10.885505,-10.801394,44.599303,55.400697,-6.785753,-21.573398,19.937573,藍營優勢區,7,1994|1998|2002|2006|2010|2014|2022,seven-election-median,matched,
松山區,民有里,-8.710251,4.214411,-22.076808,-9.602955,-7.294896,18.598168,-4.789938,-7.294896,46.352552,53.647448,-4.237467,-22.076808,18.598168,藍營優勢區,7,1994|1998|2002|2006|2010|2014|2022,seven-election-median,matched,
松山區,民福里,-31.285202,-20.253165,-42.479938,-29.186893,-28.704443,1.971091,-29.140768,-29.140768,35.429616,64.570384,-25.582760,-42.479938,1.971091,藍營優勢區,7,1994|1998|2002|2006|2010|2014|2022,seven-election-median,matched,
松山區,吉仁里,-12.027790,-8.254514,-27.805772,-15.640767,-17.131474,14.995641,-10.859427,-12.027790,43.986105,56.013895,-10.960586,-27.805772,14.995641,藍營優勢區,7,1994|1998|2002|2006|2010|2014|2022,seven-election-median,matched,
松山區,吉祥里,-15.636531,-3.289193,-29.101958,-18.190568,-17.317959,11.325005,-17.044100,-17.044100,41.477950,58.522050,-12.750758,-29.101958,11.325005,藍營優勢區,7,1994|1998|2002|2006|2010|2014|2022,seven-election-median,matched,
松山區,安平里,1.406946,8.816746,-12.111679,0.316027,0.061843,22.866759,-10.239400,0.316027,50.158014,49.841986,1.588177,-12.111679,22.866759,中立區,7,1994|1998|2002|2006|2010|2014|2022,seven-election-median,matched,
松山區,自強里,-64.053990,-51.460362,-68.090887,-69.561551,-65.821429,-34.257065,-61.662818,-64.053990,17.973005,82.026995,-59.272586,-69.561551,-34.257065,藍營優勢區,7,1994|1998|2002|2006|2010|2014|2022,seven-election-median,matched,
松山區,東光里,-22.881541,-9.534271,-32.181425,-23.822563,-23.099559,6.890836,-23.035774,-23.035774,38.482113,61.517887,-18.237757,-32.181425,6.890836,藍營優勢區,7,1994|1998|2002|2006|2010|2014|2022,seven-election-median,matched,
松山區,東昌里,-11.706145,3.038970,-23.648208,-10.319228,-9.267660,22.934567,-9.073901,-9.267660,45.366170,54.633830,-5.434515,-23.648208,22.934567,藍營優勢區,7,1994|1998|2002|2006|2010|2014|2022,seven-election-median,matched,
松山區,東勢里,-11.313131,0.404449,-24.285714,-12.650872,-11.075949,19.043825,-8.030040,-11.075949,44.462025,55.537975,-6.843919,-24.285714,19.043825,藍營優勢區,7,1994|1998|2002|2006|2010|2014|2022,seven-election-median,matched,
松山區,東榮里,-22.998829,-7.713178,-27.268854,-17.962337,-15.958369,15.365799,-11.151737,-15.958369,42.020815,57.979185,-12.526786,-27.268854,15.365799,藍營優勢區,7,1994|1998|2002|2006|2010|2014|2022,seven-election-median,matched,
松山區,松基里,-7.084469,6.947557,-21.067684,-6.133625,-5.846422,19.798811,-9.614127,-6.133625,46.933187,53.066813,-3.285708,-21.067684,19.798811,藍營優勢區,7,1994|1998|2002|2006|2010|2014|2022,seven-election-median,matched,
松山區,美仁里,-2.170901,4.204062,-19.839909,-3.708207,-5.257568,19.292929,-8.017493,-3.708207,48.145897,51.854103,-2.213870,-19.839909,19.292929,中立區,7,1994|1998|2002|2006|2010|2014|2022,seven-election-median,matched,
松山區,莊敬里,-18.493506,-8.128342,-32.343523,-22.352132,-18.441240,8.556994,-24.479408,-18.493506,40.753247,59.246753,-16.525880,-32.343523,8.556994,藍營優勢區,7,1994|1998|2002|2006|2010|2014|2022,seven-election-median,matched,
松山區,富泰里,-32.265625,-15.286145,-41.420591,-33.392778,-33.832808,-0.599700,-32.606438,-32.606438,33.696781,66.303219,-27.057726,-41.420591,-0.599700,藍營優勢區,7,1994|1998|2002|2006|2010|2014|2022,seven-election-median,matched,
松山區,富錦里,-27.407866,-15.474723,-36.385056,-23.640483,-20.317351,9.084769,-21.464531,-21.464531,39.267735,60.732265,-19.372177,-36.385056,9.084769,藍營優勢區,7,1994|1998|2002|2006|2010|2014|2022,seven-election-median,matched,
松山區,復建里,-19.315142,-12.488522,-32.501200,-23.479189,-22.353937,8.415646,-17.366629,-19.315142,40.342429,59.657571,-17.012710,-32.501200,8.415646,藍營優勢區,7,1994|1998|2002|2006|2010|2014|2022,seven-election-median,matched,
松山區,復盛里,-22.610723,-13.375474,-33.151878,-22.979493,-19.287374,6.832614,-22.831727,-22.610723,38.694639,61.305361,-18.200579,-33.151878,6.832614,藍營優勢區,7,1994|1998|2002|2006|2010|2014|2022,seven-election-median,matched,
松山區,復勢里,-1.140473,3.395816,-19.975528,-5.981751,-5.623751,23.820039,-9.331131,-5.623751,47.188124,52.811876,-2.119540,-19.975528,23.820039,藍營優勢區,7,1994|1998|2002|2006|2010|2014|2022,seven-election-median,matched,
松山區,復源里,-20.000000,-15.107914,-36.056838,-18.335501,-18.360656,8.963283,-20.330083,-18.360656,40.819672,59.180328,-17.032530,-36.056838,8.963283,藍營優勢區,7,1994|1998|2002|2006|2010|2014|2022,seven-election-median,matched,
松山區,敦化里,-8.496732,2.197288,-20.103896,-8.129619,-5.753425,18.862794,-9.296391,-8.129619,45.935190,54.064810,-4.388569,-20.103896,18.862794,藍營優勢區,7,1994|1998|2002|2006|2010|2014|2022,seven-election-median,matched,
松山區,新東里,-15.281131,-3.113492,-27.886323,-13.653445,-14.739884,16.943757,-18.295019,-14.739884,42.630058,57.369942,-10.860791,-27.886323,16.943757,藍營優勢區,7,1994|1998|2002|2006|2010|2014|2022,seven-election-median,matched,
松山區,新益里,-10.323680,-0.711141,-22.812381,-12.554113,-7.250644,18.871132,-15.274345,-10.323680,44.838160,55.161840,-7.150739,-22.812381,18.871132,藍營優勢區,7,1994|1998|2002|2006|2010|2014|2022,seven-election-median,matched,
松山區,新聚里,-12.692035,-1.479427,-24.329595,-12.490222,-6.999554,19.412998,-13.128141,-12.490222,43.754889,56.245111,-7.386568,-24.329595,19.412998,藍營優勢區,7,1994|1998|2002|2006|2010|2014|2022,seven-election-median,matched,
松山區,慈祐里,16.526001,20.558042,-3.048780,12.586926,6.393579,29.311238,-1.776385,12.586926,56.293463,43.706537,11.507232,-3.048780,29.311238,綠營優勢區,7,1994|1998|2002|2006|2010|2014|2022,seven-election-median,matched,
松山區,福成里,-7.750000,1.801802,-23.601637,-14.969136,-9.585316,18.239796,-11.641221,-9.585316,45.207342,54.792658,-6.786530,-23.601637,18.239796,藍營優勢區,7,1994|1998|2002|2006|2010|2014|2022,seven-election-median,matched,
松山區,精忠里,-25.159835,-8.912332,-37.765090,-22.997658,-22.923588,7.555931,-19.496855,-22.923588,38.538206,61.461794,-18.528490,-37.765090,7.555931,藍營優勢區,7,1994|1998|2002|2006|2010|2014|2022,seven-election-median,matched,
松山區,龍田里,-33.878887,-42.550656,-58.355999,-48.384317,-46.664282,-14.735699,-43.234165,-43.234165,28.382917,71.617083,-41.114858,-58.355999,-14.735699,藍營優勢區,7,1994|1998|2002|2006|2010|2014|2022,seven-election-median,matched,
松山區,鵬程里,-41.565882,-32.365014,-51.051852,-41.164241,-37.469586,-7.111666,-31.847725,-37.469586,31.265207,68.734793,-34.653709,-51.051852,-7.111666,藍營優勢區,7,1994|1998|2002|2006|2010|2014|2022,seven-election-median,matched,
信義區,三張里,-25.605472,-17.726465,-45.179165,-31.270011,-27.891417,3.828371,-24.564797,-25.605472,37.197264,62.802736,-24.058422,-45.179165,3.828371,藍營優勢區,7,1994|1998|2002|2006|2010|2014|2022,seven-election-median,matched,
信義區,三犁里,-29.617721,-20.441619,-41.819440,-29.683698,-26.213592,5.368456,-24.780488,-26.213592,36.893204,63.106796,-23.884015,-41.819440,5.368456,藍營優勢區,7,1994|1998|2002|2006|2010|2014|2022,seven-election-median,matched,
信義區,大仁里,-33.251049,-20.725934,-34.358331,-14.329977,-8.450704,16.266247,-13.942045,-14.329977,42.835012,57.164988,-15.541685,-34.358331,16.266247,藍營優勢區,7,1994|1998|2002|2006|2010|2014|2022,seven-election-median,matched,
信義區,大道里,-12.405187,2.676634,-25.717240,-10.894110,-8.565310,21.131186,-12.695925,-10.894110,44.552945,55.447055,-6.638565,-25.717240,21.131186,藍營優勢區,7,1994|1998|2002|2006|2010|2014|2022,seven-election-median,matched,
信義區,中行里,-11.988829,-3.513996,-26.066351,-7.382550,-4.803116,23.663489,-7.027027,-7.027027,46.486486,53.513514,-5.302626,-26.066351,23.663489,藍營優勢區,7,1994|1998|2002|2006|2010|2014|2022,seven-election-median,matched,
信義區,中坡里,-14.990007,-5.843293,-31.734317,-15.194346,-11.924610,15.157969,-15.061203,-14.990007,42.504997,57.495003,-11.369972,-31.734317,15.157969,藍營優勢區,7,1994|1998|2002|2006|2010|2014|2022,seven-election-median,matched,
信義區,中興里,-25.866051,-14.142678,-35.227273,-22.292994,-23.974581,7.674944,-18.224299,-22.292994,38.853503,61.146497,-18.864705,-35.227273,7.674944,藍營優勢區,7,1994|1998|2002|2006|2010|2014|2022,seven-election-median,matched,
信義區,五全里,-0.998487,10.206525,-14.979757,0.916758,-0.938815,25.143954,-3.286853,-0.938815,49.530592,50.469408,2.294761,-14.979757,25.143954,中立區,7,1994|1998|2002|2006|2010|2014|2022,seven-election-median,matched,
信義區,五常里,-11.462789,-0.296234,-29.549719,-14.004376,-12.192860,18.251465,-15.768194,-12.192860,43.903570,56.096430,-9.288958,-29.549719,18.251465,藍營優勢區,7,1994|1998|2002|2006|2010|2014|2022,seven-election-median,matched,
信義區,六合里,-42.446838,-30.547112,-51.716680,-41.860465,-39.329992,-7.684373,-34.606907,-39.329992,30.335004,69.664996,-35.456052,-51.716680,-7.684373,藍營優勢區,7,1994|1998|2002|2006|2010|2014|2022,seven-election-median,matched,
信義區,六藝里,-3.142488,1.509769,-22.681883,-3.711673,-2.690583,20.086580,-11.111111,-3.142488,48.428756,51.571244,-3.105913,-22.681883,20.086580,中立區,7,1994|1998|2002|2006|2010|2014|2022,seven-election-median,matched,
信義區,四育里,2.658161,9.779352,-15.071770,-2.724252,-1.676964,24.937028,-3.097893,-1.676964,49.161518,50.838482,2.114809,-15.071770,24.937028,中立區,7,1994|1998|2002|2006|2010|2014|2022,seven-election-median,matched,
信義區,四維里,-22.433251,-11.722222,-37.463884,-24.242424,-22.807018,9.893550,-21.791881,-22.433251,38.783375,61.216625,-18.652447,-37.463884,9.893550,藍營優勢區,7,1994|1998|2002|2006|2010|2014|2022,seven-election-median,matched,
信義區,正和里,-37.895812,-24.084125,-44.408252,-37.783375,-36.282528,-2.840280,-29.124668,-36.282528,31.858736,68.141264,-30.345577,-44.408252,-2.840280,藍營優勢區,7,1994|1998|2002|2006|2010|2014|2022,seven-election-median,matched,
信義區,永吉里,12.452307,19.643447,-6.057054,16.881919,17.999180,40.124224,7.090789,16.881919,58.440959,41.559041,15.447830,-6.057054,40.124224,綠營優勢區,7,1994|1998|2002|2006|2010|2014|2022,seven-election-median,matched,
信義區,永春里,-0.332410,1.843575,-23.234260,-6.086287,-4.878858,23.543441,-9.583542,-4.878858,47.560571,52.439429,-2.675477,-23.234260,23.543441,中立區,7,1994|1998|2002|2006|2010|2014|2022,seven-election-median,matched,
信義區,安康里,-25.822644,-12.216597,-36.058542,-23.003275,-22.288347,10.026619,-19.304435,-22.288347,38.855826,61.144174,-18.381032,-36.058542,10.026619,藍營優勢區,7,1994|1998|2002|2006|2010|2014|2022,seven-election-median,matched,
信義區,西村里,-62.711864,-51.666106,-68.119986,-63.512974,-55.483639,-22.788991,-47.893462,-55.483639,22.258181,77.741819,-53.168146,-68.119986,-22.788991,藍營優勢區,7,1994|1998|2002|2006|2010|2014|2022,seven-election-median,matched,
信義區,松友里,-25.901992,-14.841972,-41.239137,-26.470588,-21.481876,11.587097,-21.303842,-21.481876,39.259062,60.740938,-19.950330,-41.239137,11.587097,藍營優勢區,7,1994|1998|2002|2006|2010|2014|2022,seven-election-median,matched,
信義區,松光里,-14.324768,0.418877,-26.557774,-10.123272,-8.558412,19.363395,-11.500000,-10.123272,44.938364,55.061636,-7.325993,-26.557774,19.363395,藍營優勢區,7,1994|1998|2002|2006|2010|2014|2022,seven-election-median,matched,
信義區,松隆里,-18.861210,-21.139102,-36.106088,-19.137931,-11.760184,12.269939,-19.144144,-19.137931,40.431034,59.568966,-16.268389,-36.106088,12.269939,藍營優勢區,7,1994|1998|2002|2006|2010|2014|2022,seven-election-median,matched,
信義區,長春里,-6.281157,3.680982,-23.046410,1.496599,-0.411184,20.430935,-8.361582,-0.411184,49.794408,50.205592,-1.784545,-23.046410,20.430935,中立區,7,1994|1998|2002|2006|2010|2014|2022,seven-election-median,matched,
信義區,泰和里,-27.251091,-16.705975,-42.051616,-23.508414,-22.577797,8.331492,-22.695273,-22.695273,38.652363,61.347637,-20.922668,-42.051616,8.331492,藍營優勢區,7,1994|1998|2002|2006|2010|2014|2022,seven-election-median,matched,
信義區,國業里,-21.163636,-13.124552,-36.919315,-23.396018,-21.138020,10.255198,-19.090909,-21.138020,39.430990,60.569010,-17.796750,-36.919315,10.255198,藍營優勢區,7,1994|1998|2002|2006|2010|2014|2022,seven-election-median,matched,
信義區,富台里,-54.266777,-41.628772,-60.073428,-46.526737,-40.960912,-12.326462,-35.857220,-41.628772,29.185614,70.814386,-41.662901,-60.073428,-12.326462,藍營優勢區,7,1994|1998|2002|2006|2010|2014|2022,seven-election-median,matched,
信義區,惠安里,-33.481845,-23.270728,-46.221441,-31.443448,-31.267899,-2.070773,-33.799534,-31.443448,34.278276,65.721724,-28.793667,-46.221441,-2.070773,藍營優勢區,7,1994|1998|2002|2006|2010|2014|2022,seven-election-median,matched,
信義區,敦厚里,-20.000000,-11.181883,-31.489200,-21.702128,-18.652662,13.910942,-19.273461,-19.273461,40.363269,59.636731,-15.484056,-31.489200,13.910942,藍營優勢區,7,1994|1998|2002|2006|2010|2014|2022,seven-election-median,matched,
信義區,景勤里,-33.941368,-23.212537,-46.055597,-30.304367,-25.746120,3.039874,-25.703325,-25.746120,37.126940,62.873060,-25.989063,-46.055597,3.039874,藍營優勢區,7,1994|1998|2002|2006|2010|2014|2022,seven-election-median,matched,
信義區,景新里,-46.810934,-29.766984,-48.140044,-36.464088,-30.366116,1.210654,-30.038388,-30.366116,34.816942,65.183058,-31.482271,-48.140044,1.210654,藍營優勢區,7,1994|1998|2002|2006|2010|2014|2022,seven-election-median,matched,
信義區,景聯里,-18.849840,-10.681520,-33.477946,-23.706177,-20.825654,12.844365,-19.323144,-19.323144,40.338428,59.661572,-16.288559,-33.477946,12.844365,藍營優勢區,7,1994|1998|2002|2006|2010|2014|2022,seven-election-median,matched,
信義區,雅祥里,2.036857,3.455285,-21.907601,-7.295082,-3.753541,23.523524,-4.857929,-3.753541,48.123229,51.876771,-1.256927,-21.907601,23.523524,中立區,7,1994|1998|2002|2006|2010|2014|2022,seven-election-median,matched,
信義區,新仁里,-41.816817,-33.094670,-51.517780,-40.239044,-35.784568,-0.297915,-32.180451,-35.784568,32.107716,67.892284,-33.561606,-51.517780,-0.297915,藍營優勢區,7,1994|1998|2002|2006|2010|2014|2022,seven-election-median,matched,
信義區,嘉興里,-19.287834,-10.315186,-29.052632,-17.137703,-12.381900,13.065582,-16.853933,-16.853933,41.573034,58.426966,-13.137658,-29.052632,13.065582,藍營優勢區,7,1994|1998|2002|2006|2010|2014|2022,seven-election-median,matched,
信義區,廣居里,-32.662019,-21.480681,-41.387025,-28.360612,-24.730216,6.410816,-21.655629,-24.730216,37.634892,62.365108,-23.409338,-41.387025,6.410816,藍營優勢區,7,1994|1998|2002|2006|2010|2014|2022,seven-election-median,matched,
信義區,黎平里,-24.183941,-12.252785,-36.241943,-24.864402,-23.834951,9.832134,-27.336123,-24.183941,37.908030,62.091970,-19.840287,-36.241943,9.832134,藍營優勢區,7,1994|1998|2002|2006|2010|2014|2022,seven-election-median,matched,
信義區,黎安里,-63.991770,-62.978500,-68.613569,-55.076923,-47.639485,-26.346434,-38.929440,-55.076923,22.461538,77.538462,-51.939446,-68.613569,-26.346434,藍營優勢區,7,1994|1998|2002|2006|2010|2014|2022,seven-election-median,matched,
信義區,黎忠里,-22.193040,-9.483322,-36.039188,-21.202405,-19.255095,10.846746,-23.348018,-21.202405,39.398798,60.601202,-17.239189,-36.039188,10.846746,藍營優勢區,7,1994|1998|2002|2006|2010|2014|2022,seven-election-median,matched,
信義區,黎順里,-26.809749,-19.147372,-41.885876,-30.812325,-21.684020,7.246377,-25.394897,-25.394897,37.302552,62.697448,-22.641123,-41.885876,7.246377,藍營優勢區,7,1994|1998|2002|2006|2010|2014|2022,seven-election-median,matched,
信義區,興隆里,-39.344262,-25.586470,-45.486111,-32.530120,-27.818627,-4.240052,-28.820116,-28.820116,35.589942,64.410058,-29.117965,-45.486111,-4.240052,藍營優勢區,7,1994|1998|2002|2006|2010|2014|2022,seven-election-median,matched,
信義區,興雅里,-20.405441,-9.061834,-31.470588,-20.302234,-16.611396,12.496290,-17.955676,-17.955676,41.022162,58.977838,-14.758697,-31.470588,12.496290,藍營優勢區,7,1994|1998|2002|2006|2010|2014|2022,seven-election-median,matched,
信義區,雙和里,-31.937946,-17.749529,-42.783505,-30.044101,-26.751894,5.907173,-27.744108,-27.744108,36.127946,63.872054,-24.443416,-42.783505,5.907173,藍營優勢區,7,1994|1998|2002|2006|2010|2014|2022,seven-election-median,matched,
南港區,九如里,-31.513141,-24.693986,-44.032158,-29.741792,-24.175824,4.687500,-28.276999,-28.276999,35.861500,64.138500,-25.392343,-44.032158,4.687500,藍營優勢區,7,1994|1998|2002|2006|2010|2014|2022,seven-election-median,matched,
南港區,三重里,-3.728174,1.296379,-23.610403,-3.670886,-4.892704,19.033233,-16.836928,-3.728174,48.135913,51.864087,-4.629926,-23.610403,19.033233,中立區,7,1994|1998|2002|2006|2010|2014|2022,seven-election-median,matched,
南港區,中南里,-2.019831,6.711409,-22.055138,5.925537,3.451408,27.699531,-5.474171,3.451408,51.725704,48.274296,2.034106,-22.055138,27.699531,中立區,7,1994|1998|2002|2006|2010|2014|2022,seven-election-median,matched,
南港區,中研里,-16.587850,-6.542056,-34.561337,-18.561537,-12.934363,23.467804,-9.234366,-12.934363,43.532819,56.467181,-10.707672,-34.561337,23.467804,藍營優勢區,7,1994|1998|2002|2006|2010|2014|2022,seven-election-median,matched,
南港區,玉成里,-1.094391,3.696370,-20.705176,0.127280,1.727177,28.366188,-3.828002,0.127280,50.063640,49.936360,1.184207,-20.705176,28.366188,中立區,7,1994|1998|2002|2006|2010|2014|2022,seven-election-median,matched,
南港區,合成里,-8.158508,0.178344,-25.348189,-10.344828,-6.136475,23.205919,-9.851655,-8.158508,45.920746,54.079254,-5.207913,-25.348189,23.205919,藍營優勢區,7,1994|1998|2002|2006|2010|2014|2022,seven-election-median,matched,
南港區,成福里,-25.186356,-14.744352,-38.621647,-25.489034,-18.426724,7.886017,-26.233766,-25.186356,37.406822,62.593178,-20.116552,-38.621647,7.886017,藍營優勢區,7,1994|1998|2002|2006|2010|2014|2022,seven-election-median,matched,
南港區,百福里,-13.525787,1.047443,-27.983539,-12.611880,-5.567010,19.290174,-10.073710,-10.073710,44.963145,55.036855,-7.060616,-27.983539,19.290174,藍營優勢區,7,1994|1998|2002|2006|2010|2014|2022,seven-election-median,matched,
南港區,西新里,4.981362,17.001056,-8.256142,12.971481,11.024735,38.072122,4.288939,11.024735,55.512367,44.487633,11.440508,-8.256142,38.072122,綠營優勢區,7,1994|1998|2002|2006|2010|2014|2022,seven-election-median,matched,
南港區,東明里,-19.806404,-13.252149,-38.861666,-22.539412,-17.630948,12.462908,-22.222222,-19.806404,40.096798,59.903202,-17.407128,-38.861666,12.462908,藍營優勢區,7,1994|1998|2002|2006|2010|2014|2022,seven-election-median,matched,
南港區,東新里,-12.642586,-4.310954,-32.339089,-15.426412,-7.375815,20.415058,-7.747604,-7.747604,46.126198,53.873802,-8.489629,-32.339089,20.415058,藍營優勢區,7,1994|1998|2002|2006|2010|2014|2022,seven-election-median,matched,
南港區,南港里,2.680167,6.476462,-26.170280,-7.580979,-5.035545,22.247839,-10.786623,-5.035545,47.482227,52.517773,-2.595566,-26.170280,22.247839,藍營優勢區,7,1994|1998|2002|2006|2010|2014|2022,seven-election-median,matched,
南港區,新光里,-34.787124,-22.312224,-41.676892,-23.326572,-21.086556,7.037359,-17.989418,-22.312224,38.843888,61.156112,-22.020204,-41.676892,7.037359,藍營優勢區,7,1994|1998|2002|2006|2010|2014|2022,seven-election-median,matched,
南港區,新富里,0.074683,5.908419,-18.784297,0.563236,0.877963,31.849913,-3.010033,0.563236,50.281618,49.718382,2.497126,-18.784297,31.849913,中立區,7,1994|1998|2002|2006|2010|2014|2022,seven-election-median,matched,
南港區,萬福里,-27.539421,-16.941090,-41.643728,-25.942962,-20.283576,11.111111,-21.473088,-21.473088,39.263456,60.736544,-20.387536,-41.643728,11.111111,藍營優勢區,7,1994|1998|2002|2006|2010|2014|2022,seven-election-median,matched,
南港區,聯成里,-18.759595,-10.924370,-36.630504,-21.085442,-16.440129,13.414634,-19.238477,-18.759595,40.620203,59.379797,-15.666269,-36.630504,13.414634,藍營優勢區,7,1994|1998|2002|2006|2010|2014|2022,seven-election-median,matched,
南港區,鴻福里,-14.946619,0.437269,-26.994780,-12.516019,-10.267534,18.191377,-15.210356,-12.516019,43.741991,56.258009,-8.758095,-26.994780,18.191377,藍營優勢區,7,1994|1998|2002|2006|2010|2014|2022,seven-election-median,matched,
南港區,舊莊里,0.641955,-2.814335,-30.099979,-9.002196,-2.551120,33.358910,-11.336165,-2.814335,48.592833,51.407167,-3.114704,-30.099979,33.358910,中立區,7,1994|1998|2002|2006|2010|2014|2022,seven-election-median,matched,
萬華區,仁德里,-1.004689,9.791880,-15.057034,1.390096,-0.923788,24.888737,-2.042901,-0.923788,49.538106,50.461894,2.434614,-15.057034,24.888737,中立區,7,1994|1998|2002|2006|2010|2014|2022,seven-election-median,matched,
萬華區,日祥里,-33.672820,-29.446758,-49.562764,-23.600973,-30.318841,-9.385113,-36.057120,-30.318841,34.840580,65.159420,-30.292056,-49.562764,-9.385113,藍營優勢區,7,1994|1998|2002|2006|2010|2014|2022,seven-election-median,matched,
萬華區,日善里,6.391753,11.154144,-12.428634,4.880478,5.448155,32.200358,1.018330,5.448155,52.724077,47.275923,6.952083,-12.428634,32.200358,綠營優勢區,7,1994|1998|2002|2006|2010|2014|2022,seven-election-median,matched,
萬華區,全德里,4.459562,11.699605,-15.206612,0.884132,1.886792,26.699427,-2.558001,1.886792,50.943396,49.056604,3.980701,-15.206612,26.699427,中立區,7,1994|1998|2002|2006|2010|2014|2022,seven-election-median,matched,
萬華區,西門里,-15.697674,-11.705686,-31.832797,-17.789921,-19.426594,12.978525,-19.454415,-17.789921,41.105039,58.894961,-14.704080,-31.832797,12.978525,藍營優勢區,7,1994|1998|2002|2006|2010|2014|2022,seven-election-median,matched,
萬華區,孝德里,19.943820,25.406410,0.104167,21.894858,22.671867,41.036614,11.706197,21.894858,60.947429,39.052571,20.394848,0.104167,41.036614,綠營優勢區,7,1994|1998|2002|2006|2010|2014|2022,seven-election-median,matched,
萬華區,和平里,19.907114,24.585406,-1.097874,18.452224,19.071691,42.416452,16.704981,19.071691,59.535846,40.464154,20.005713,-1.097874,42.416452,綠營優勢區,7,1994|1998|2002|2006|2010|2014|2022,seven-election-median,matched,
萬華區,和德里,8.484065,16.080844,-6.418747,18.138987,17.844137,34.413353,5.569620,16.080844,58.040422,41.959578,13.444608,-6.418747,34.413353,綠營優勢區,7,1994|1998|2002|2006|2010|2014|2022,seven-election-median,matched,
萬華區,忠貞里,-45.704660,-37.593985,-55.466585,-44.506104,-43.002545,-20.494470,-44.886364,-44.506104,27.746948,72.253052,-41.664959,-55.466585,-20.494470,藍營優勢區,7,1994|1998|2002|2006|2010|2014|2022,seven-election-median,matched,
萬華區,忠德里,15.496873,18.503261,-4.132841,12.474269,18.111965,39.522131,4.171364,15.496873,57.748436,42.251564,14.878146,-4.132841,39.522131,綠營優勢區,7,1994|1998|2002|2006|2010|2014|2022,seven-election-median,matched,
萬華區,青山里,10.660522,10.551559,-9.794838,12.146789,10.398099,26.607742,-0.770548,10.551559,55.275779,44.724221,8.542761,-9.794838,26.607742,綠營優勢區,7,1994|1998|2002|2006|2010|2014|2022,seven-election-median,matched,
萬華區,保德里,11.810261,9.705882,-13.898305,6.102117,6.032097,26.502463,-2.579666,6.102117,53.051059,46.948941,6.239264,-13.898305,26.502463,綠營優勢區,7,1994|1998|2002|2006|2010|2014|2022,seven-election-median,matched,
萬華區,柳鄉里,16.531921,16.247265,-5.974843,21.488508,23.290203,35.901294,9.516381,16.531921,58.265960,41.734040,16.714390,-5.974843,35.901294,綠營優勢區,7,1994|1998|2002|2006|2010|2014|2022,seven-election-median,matched,
萬華區,凌霄里,-40.610741,-31.950791,-52.573238,-36.633663,-35.058431,-4.676871,-37.375083,-36.633663,31.683168,68.316832,-34.125545,-52.573238,-4.676871,藍營優勢區,7,1994|1998|2002|2006|2010|2014|2022,seven-election-median,matched,
萬華區,頂碩里,21.966206,23.442683,1.585289,18.944392,19.831045,41.316025,8.763422,19.831045,59.915523,40.084477,19.407009,1.585289,41.316025,綠營優勢區,7,1994|1998|2002|2006|2010|2014|2022,seven-election-median,matched,
萬華區,富民里,13.311688,18.554510,-2.679457,20.745069,16.402787,35.767367,11.369378,16.402787,58.201393,41.798607,16.210192,-2.679457,35.767367,綠營優勢區,7,1994|1998|2002|2006|2010|2014|2022,seven-election-median,matched,
萬華區,富福里,16.253621,16.493220,-4.885764,13.183280,13.274336,34.634803,5.590717,13.274336,56.637168,43.362832,13.506316,-4.885764,34.634803,綠營優勢區,7,1994|1998|2002|2006|2010|2014|2022,seven-election-median,matched,
萬華區,菜園里,10.832383,9.453840,-12.474318,9.435262,8.891455,27.962348,-1.769166,9.435262,54.717631,45.282369,7.475972,-12.474318,27.962348,綠營優勢區,7,1994|1998|2002|2006|2010|2014|2022,seven-election-median,matched,
萬華區,華中里,9.095128,14.575472,-8.768155,6.898657,10.885806,31.189542,3.900156,9.095128,54.547564,45.452436,9.682372,-8.768155,31.189542,綠營優勢區,7,1994|1998|2002|2006|2010|2014|2022,seven-election-median,matched,
萬華區,華江里,8.259534,11.463020,-12.692620,7.144498,7.783211,28.507141,-0.394537,7.783211,53.891606,46.108394,7.152892,-12.692620,28.507141,綠營優勢區,7,1994|1998|2002|2006|2010|2014|2022,seven-election-median,matched,
萬華區,新安里,-31.415929,-24.490741,-10.919248,-28.451753,-24.690694,-0.520691,-31.056180,-24.690694,37.654653,62.345347,-21.649319,-31.415929,-0.520691,藍營優勢區,7,1994|1998|2002|2006|2010|2014|2022,seven-election-median,matched,
萬華區,新和里,-60.214310,-51.089846,-66.844526,-58.077666,-51.411498,-24.956166,-54.369205,-54.369205,22.815398,77.184602,-52.423317,-66.844526,-24.956166,藍營優勢區,7,1994|1998|2002|2006|2010|2014|2022,seven-election-median,matched,
萬華區,新忠里,-64.205166,-59.953704,-73.075340,-65.359801,-60.443213,-37.991266,-59.102902,-60.443213,19.778393,80.221607,-60.018770,-73.075340,-37.991266,藍營優勢區,7,1994|1998|2002|2006|2010|2014|2022,seven-election-median,matched,
萬華區,新起里,-8.351076,-5.112474,-26.021728,-0.441084,0.586042,24.266936,-6.221889,-5.112474,47.443763,52.556237,-3.042182,-26.021728,24.266936,藍營優勢區,7,1994|1998|2002|2006|2010|2014|2022,seven-election-median,matched,
萬華區,萬壽里,-4.714365,-1.378930,-23.560831,-9.403974,-8.680556,8.992416,-19.425676,-8.680556,45.659722,54.340278,-8.310274,-23.560831,8.992416,藍營優勢區,7,1994|1998|2002|2006|2010|2014|2022,seven-election-median,matched,
萬華區,壽德里,1.381042,6.666667,-16.272696,-0.073153,3.223747,25.007825,-3.544683,1.381042,50.690521,49.309479,2.341250,-16.272696,25.007825,中立區,7,1994|1998|2002|2006|2010|2014|2022,seven-election-median,matched,
萬華區,榮德里,5.994654,11.127116,-11.976792,7.678328,15.247196,33.067376,2.469136,7.678328,53.839164,46.160836,9.086716,-11.976792,33.067376,綠營優勢區,7,1994|1998|2002|2006|2010|2014|2022,seven-election-median,matched,
萬華區,福星里,-1.705757,-3.361630,-27.709952,-10.161759,-12.040134,12.201681,-19.867236,-10.161759,44.919121,55.080879,-8.949255,-27.709952,12.201681,藍營優勢區,7,1994|1998|2002|2006|2010|2014|2022,seven-election-median,matched,
萬華區,福音里,13.320683,9.205350,-11.971518,9.927611,7.589499,31.569174,-2.116402,9.205350,54.602675,45.397325,8.217771,-11.971518,31.569174,綠營優勢區,7,1994|1998|2002|2006|2010|2014|2022,seven-election-median,matched,
萬華區,綠堤里,3.213811,4.877406,-23.562570,-0.655431,2.053232,17.736758,-9.155346,2.053232,51.026616,48.973384,-0.784591,-23.562570,17.736758,中立區,7,1994|1998|2002|2006|2010|2014|2022,seven-election-median,matched,
萬華區,銘德里,4.488214,11.954816,-13.239437,7.208284,8.735795,32.230823,0.758397,7.208284,53.604142,46.395858,7.448127,-13.239437,32.230823,綠營優勢區,7,1994|1998|2002|2006|2010|2014|2022,seven-election-median,matched,
萬華區,糖廍里,9.293948,9.200710,-14.921630,6.100606,9.825871,29.921260,2.745793,9.200710,54.600355,45.399645,7.452365,-14.921630,29.921260,綠營優勢區,7,1994|1998|2002|2006|2010|2014|2022,seven-election-median,matched,
萬華區,興德里,4.037371,13.822193,-11.336599,8.991597,10.443491,33.400741,1.467269,8.991597,54.495798,45.504202,8.689438,-11.336599,33.400741,綠營優勢區,7,1994|1998|2002|2006|2010|2014|2022,seven-election-median,matched,
萬華區,錦德里,6.211363,8.733997,-13.597464,7.457257,11.430318,33.824396,6.102004,7.457257,53.728629,46.271371,8.594553,-13.597464,33.824396,綠營優勢區,7,1994|1998|2002|2006|2010|2014|2022,seven-election-median,matched,
萬華區,雙園里,9.803922,14.460784,-8.509235,16.925661,16.367799,34.163310,2.283105,14.460784,57.230392,42.769608,12.213621,-8.509235,34.163310,綠營優勢區,7,1994|1998|2002|2006|2010|2014|2022,seven-election-median,matched,
萬華區,騰雲里,-33.833780,-23.412900,-47.232671,-32.176069,-30.015552,-2.150538,-33.132983,-32.176069,33.911965,66.088035,-28.850642,-47.232671,-2.150538,藍營優勢區,7,1994|1998|2002|2006|2010|2014|2022,seven-election-median,matched,
士林區,臨溪里,,,-27.954972,-14.910537,-13.892078,10.589582,-10.638298,-13.892078,43.053961,56.946039,-11.361261,-27.954972,10.589582,藍營優勢區,5,2002|2006|2010|2014|2022,available-election-median,matched,該里在早期選舉時尚未成立或無可可靠對應資料；中位數僅使用 2002、2006、2010、2014、2022 年的實際得票，不複製或估算舊里票數。
大安區,學府里,,,-45.761246,-36.460078,-37.672366,-10.506799,-31.563422,-36.460078,31.769961,68.230039,-32.392782,-45.761246,-10.506799,藍營優勢區,5,2002|2006|2010|2014|2022,available-election-median,matched,該里在早期選舉時尚未成立或無可可靠對應資料；中位數僅使用 2002、2006、2010、2014、2022 年的實際得票，不複製或估算舊里票數。
中山區,北安里,,,-49.573136,-37.252125,-29.374605,-0.617284,-30.232558,-30.232558,34.883721,65.116279,-29.409942,-49.573136,-0.617284,藍營優勢區,5,2002|2006|2010|2014|2022,available-election-median,matched,該里在早期選舉時尚未成立或無可可靠對應資料；中位數僅使用 2002、2006、2010、2014、2022 年的實際得票，不複製或估算舊里票數。
中山區,金泰里,,,-22.688275,-12.594731,-16.462736,13.684211,-22.899729,-16.462736,41.768632,58.231368,-12.192252,-22.899729,13.684211,藍營優勢區,5,2002|2006|2010|2014|2022,available-election-median,matched,該里在早期選舉時尚未成立或無可可靠對應資料；中位數僅使用 2002、2006、2010、2014、2022 年的實際得票，不複製或估算舊里票數。
內湖區,安泰里,,,-37.265843,-21.308576,-16.768916,14.913958,-21.584561,-21.308576,39.345712,60.654288,-16.402788,-37.265843,14.913958,藍營優勢區,5,2002|2006|2010|2014|2022,available-election-median,matched,該里在早期選舉時尚未成立或無可可靠對應資料；中位數僅使用 2002、2006、2010、2014、2022 年的實際得票，不複製或估算舊里票數。
內湖區,安湖里,,,-34.855571,-19.129917,-18.595141,17.374517,-14.390066,-18.595141,40.702430,59.297570,-13.919236,-34.855571,17.374517,藍營優勢區,5,2002|2006|2010|2014|2022,available-election-median,matched,該里在早期選舉時尚未成立或無可可靠對應資料；中位數僅使用 2002、2006、2010、2014、2022 年的實際得票，不複製或估算舊里票數。
內湖區,秀湖里,,,-35.009085,-25.953678,-25.470588,9.734513,-24.927895,-25.470588,37.264706,62.735294,-20.325347,-35.009085,9.734513,藍營優勢區,5,2002|2006|2010|2014|2022,available-election-median,matched,該里在早期選舉時尚未成立或無可可靠對應資料；中位數僅使用 2002、2006、2010、2014、2022 年的實際得票，不複製或估算舊里票數。
內湖區,明湖里,,,-34.621451,-18.475853,-14.582560,20.925414,-14.433523,-14.582560,42.708720,57.291280,-12.237595,-34.621451,20.925414,藍營優勢區,5,2002|2006|2010|2014|2022,available-election-median,matched,該里在早期選舉時尚未成立或無可可靠對應資料；中位數僅使用 2002、2006、2010、2014、2022 年的實際得票，不複製或估算舊里票數。
內湖區,金湖里,,,-43.423300,-31.728794,-27.788524,8.831909,-21.539722,-27.788524,36.105738,63.894262,-23.129686,-43.423300,8.831909,藍營優勢區,5,2002|2006|2010|2014|2022,available-election-median,matched,該里在早期選舉時尚未成立或無可可靠對應資料；中位數僅使用 2002、2006、2010、2014、2022 年的實際得票，不複製或估算舊里票數。
內湖區,康寧里,,,-39.100174,-28.769356,-25.021758,10.620221,-25.259516,-25.259516,37.370242,62.629758,-21.506117,-39.100174,10.620221,藍營優勢區,5,2002|2006|2010|2014|2022,available-election-median,matched,該里在早期選舉時尚未成立或無可可靠對應資料；中位數僅使用 2002、2006、2010、2014、2022 年的實際得票，不複製或估算舊里票數。
內湖區,麗山里,,,-21.191605,-4.347826,-3.857374,24.452339,-0.869565,-3.857374,48.071313,51.928687,-1.162806,-21.191605,24.452339,中立區,5,2002|2006|2010|2014|2022,available-election-median,matched,該里在早期選舉時尚未成立或無可可靠對應資料；中位數僅使用 2002、2006、2010、2014、2022 年的實際得票，不複製或估算舊里票數。
內湖區,蘆洲里,,,-22.137405,12.781955,16.914750,37.573964,-2.552204,12.781955,56.390977,43.609023,8.516212,-22.137405,37.573964,綠營優勢區,5,2002|2006|2010|2014|2022,available-election-median,matched,該里在早期選舉時尚未成立或無可可靠對應資料；中位數僅使用 2002、2006、2010、2014、2022 年的實際得票，不複製或估算舊里票數。
文山區,忠順里,,,-60.449859,-51.257055,-45.897205,-8.887896,-42.209945,-45.897205,27.051398,72.948602,-41.740392,-60.449859,-8.887896,藍營優勢區,5,2002|2006|2010|2014|2022,available-election-median,matched,該里在早期選舉時尚未成立或無可可靠對應資料；中位數僅使用 2002、2006、2010、2014、2022 年的實際得票，不複製或估算舊里票數。
文山區,萬美里,,,-50.113507,-38.226109,-36.401674,0.181865,-34.136270,-36.401674,31.799163,68.200837,-31.739139,-50.113507,0.181865,藍營優勢區,5,2002|2006|2010|2014|2022,available-election-median,matched,該里在早期選舉時尚未成立或無可可靠對應資料；中位數僅使用 2002、2006、2010、2014、2022 年的實際得票，不複製或估算舊里票數。
北投區,大屯里,,,9.411765,40.955631,39.711664,49.117647,23.540490,39.711664,69.855832,30.144168,32.547439,9.411765,49.117647,綠營優勢區,5,2002|2006|2010|2014|2022,available-election-median,matched,該里在早期選舉時尚未成立或無可可靠對應資料；中位數僅使用 2002、2006、2010、2014、2022 年的實際得票，不複製或估算舊里票數。
北投區,湖田里,,,-13.461538,12.987013,7.870968,32.372215,-12.997347,7.870968,53.935484,46.064516,5.354262,-13.461538,32.372215,綠營優勢區,5,2002|2006|2010|2014|2022,available-election-median,matched,該里在早期選舉時尚未成立或無可可靠對應資料；中位數僅使用 2002、2006、2010、2014、2022 年的實際得票，不複製或估算舊里票數。
南港區,仁福里,,,-46.463621,-34.945221,-29.235669,2.389706,-30.008985,-30.008985,34.995508,65.004492,-27.652758,-46.463621,2.389706,藍營優勢區,5,2002|2006|2010|2014|2022,available-election-median,matched,該里在早期選舉時尚未成立或無可可靠對應資料；中位數僅使用 2002、2006、2010、2014、2022 年的實際得票，不複製或估算舊里票數。
內湖區,南湖里,,,,,-33.465034,9.746519,-23.145844,-23.145844,38.427078,61.572922,-15.621453,-33.465034,9.746519,藍營優勢區,3,2010|2014|2022,available-election-median,matched,該里在早期選舉時尚未成立或無可可靠對應資料；中位數僅使用 2010、2014、2022 年的實際得票，不複製或估算舊里票數。
內湖區,寶湖里,,,,,-23.500146,13.546281,-24.531422,-23.500146,38.249927,61.750073,-11.495096,-24.531422,13.546281,藍營優勢區,3,2010|2014|2022,available-election-median,matched,該里在早期選舉時尚未成立或無可可靠對應資料；中位數僅使用 2010、2014、2022 年的實際得票，不複製或估算舊里票數。
文山區,政大里,,,,,-30.854534,6.871508,-26.765415,-26.765415,36.617292,63.382708,-16.916147,-30.854534,6.871508,藍營優勢區,3,2010|2014|2022,available-election-median,matched,該里在早期選舉時尚未成立或無可可靠對應資料；中位數僅使用 2010、2014、2022 年的實際得票，不複製或估算舊里票數。
文山區,樟文里,,,,,-23.508386,8.305085,-24.503311,-23.508386,38.245807,61.754193,-13.235537,-24.503311,8.305085,藍營優勢區,3,2010|2014|2022,available-election-median,matched,該里在早期選舉時尚未成立或無可可靠對應資料；中位數僅使用 2010、2014、2022 年的實際得票，不複製或估算舊里票數。
文山區,樟樹里,,,,,-24.925816,6.287744,-24.986959,-24.925816,37.537092,62.462908,-14.541677,-24.986959,6.287744,藍營優勢區,3,2010|2014|2022,available-election-median,matched,該里在早期選舉時尚未成立或無可可靠對應資料；中位數僅使用 2010、2014、2022 年的實際得票，不複製或估算舊里票數。
文山區,興邦里,,,,,-40.246723,-9.966900,-46.138996,-40.246723,29.876638,70.123362,-32.117540,-46.138996,-9.966900,藍營優勢區,3,2010|2014|2022,available-election-median,matched,該里在早期選舉時尚未成立或無可可靠對應資料；中位數僅使用 2010、2014、2022 年的實際得票，不複製或估算舊里票數。
南港區,重陽里,,,,,-28.142192,12.363636,-23.048669,-23.048669,38.475666,61.524334,-12.942408,-28.142192,12.363636,藍營優勢區,3,2010|2014|2022,available-election-median,matched,該里在早期選舉時尚未成立或無可可靠對應資料；中位數僅使用 2010、2014、2022 年的實際得票，不複製或估算舊里票數。
