district,li_name_source,li_name_2022,year,issue_type,confidence,disposition,notes
士林區,,臨溪里,1994|1998,partial-election-coverage,actual-votes-only,以成立後 5 屆實際得票計算中位數,該里在早期選舉時尚未成立或無可可靠對應資料；中位數僅使用 2002、2006、2010、2014、2022 年的實際得票，不複製或估算舊里票數。
大安區,,學府里,1994|1998,partial-election-coverage,actual-votes-only,以成立後 5 屆實際得票計算中位數,該里在早期選舉時尚未成立或無可可靠對應資料；中位數僅使用 2002、2006、2010、2014、2022 年的實際得票，不複製或估算舊里票數。
中山區,,北安里,1994|1998,partial-election-coverage,actual-votes-only,以成立後 5 屆實際得票計算中位數,該里在早期選舉時尚未成立或無可可靠對應資料；中位數僅使用 2002、2006、2010、2014、2022 年的實際得票，不複製或估算舊里票數。
中山區,,金泰里,1994|1998,partial-election-coverage,actual-votes-only,以成立後 5 屆實際得票計算中位數,該里在早期選舉時尚未成立或無可可靠對應資料；中位數僅使用 2002、2006、2010、2014、2022 年的實際得票，不複製或估算舊里票數。
內湖區,,安泰里,1994|1998,partial-election-coverage,actual-votes-only,以成立後 5 屆實際得票計算中位數,該里在早期選舉時尚未成立或無可可靠對應資料；中位數僅使用 2002、2006、2010、2014、2022 年的實際得票，不複製或估算舊里票數。
內湖區,,安湖里,1994|1998,partial-election-coverage,actual-votes-only,以成立後 5 屆實際得票計算中位數,該里在早期選舉時尚未成立或無可可靠對應資料；中位數僅使用 2002、2006、2010、2014、2022 年的實際得票，不複製或估算舊里票數。
內湖區,,秀湖里,1994|1998,partial-election-coverage,actual-votes-only,以成立後 5 屆實際得票計算中位數,該里在早期選舉時尚未成立或無可可靠對應資料；中位數僅使用 2002、2006、2010、2014、2022 年的實際得票，不複製或估算舊里票數。
內湖區,,明湖里,1994|1998,partial-election-coverage,actual-votes-only,以成立後 5 屆實際得票計算中位數,該里在早期選舉時尚未成立或無可可靠對應資料；中位數僅使用 2002、2006、2010、2014、2022 年的實際得票，不複製或估算舊里票數。
內湖區,,金湖里,1994|1998,partial-election-coverage,actual-votes-only,以成立後 5 屆實際得票計算中位數,該里在早期選舉時尚未成立或無可可靠對應資料；中位數僅使用 2002、2006、2010、2014、2022 年的實際得票，不複製或估算舊里票數。
內湖區,,康寧里,1994|1998,partial-election-coverage,actual-votes-only,以成立後 5 屆實際得票計算中位數,該里在早期選舉時尚未成立或無可可靠對應資料；中位數僅使用 2002、2006、2010、2014、2022 年的實際得票，不複製或估算舊里票數。
內湖區,,麗山里,1994|1998,partial-election-coverage,actual-votes-only,以成立後 5 屆實際得票計算中位數,該里在早期選舉時尚未成立或無可可靠對應資料；中位數僅使用 2002、2006、2010、2014、2022 年的實際得票，不複製或估算舊里票數。
內湖區,,蘆洲里,1994|1998,partial-election-coverage,actual-votes-only,以成立後 5 屆實際得票計算中位數,該里在早期選舉時尚未成立或無可可靠對應資料；中位數僅使用 2002、2006、2010、2014、2022 年的實際得票，不複製或估算舊里票數。
文山區,,忠順里,1994|1998,partial-election-coverage,actual-votes-only,以成立後 5 屆實際得票計算中位數,該里在早期選舉時尚未成立或無可可靠對應資料；中位數僅使用 2002、2006、2010、2014、2022 年的實際得票，不複製或估算舊里票數。
文山區,,萬美里,1994|1998,partial-election-coverage,actual-votes-only,以成立後 5 屆實際得票計算中位數,該里在早期選舉時尚未成立或無可可靠對應資料；中位數僅使用 2002、2006、2010、2014、2022 年的實際得票，不複製或估算舊里票數。
北投區,,大屯里,1994|1998,partial-election-coverage,actual-votes-only,以成立後 5 屆實際得票計算中位數,該里在早期選舉時尚未成立或無可可靠對應資料；中位數僅使用 2002、2006、2010、2014、2022 年的實際得票，不複製或估算舊里票數。
北投區,,湖田里,1994|1998,partial-election-coverage,actual-votes-only,以成立後 5 屆實際得票計算中位數,該里在早期選舉時尚未成立或無可可靠對應資料；中位數僅使用 2002、2006、2010、2014、2022 年的實際得票，不複製或估算舊里票數。
南港區,,仁福里,1994|1998,partial-election-coverage,actual-votes-only,以成立後 5 屆實際得票計算中位數,該里在早期選舉時尚未成立或無可可靠對應資料；中位數僅使用 2002、2006、2010、2014、2022 年的實際得票，不複製或估算舊里票數。
內湖區,,南湖里,1994|1998|2002|2006,partial-election-coverage,actual-votes-only,以成立後 3 屆實際得票計算中位數,該里在早期選舉時尚未成立或無可可靠對應資料；中位數僅使用 2010、2014、2022 年的實際得票，不複製或估算舊里票數。
內湖區,,寶湖里,1994|1998|2002|2006,partial-election-coverage,actual-votes-only,以成立後 3 屆實際得票計算中位數,該里在早期選舉時尚未成立或無可可靠對應資料；中位數僅使用 2010、2014、2022 年的實際得票，不複製或估算舊里票數。
文山區,,政大里,1994|1998|2002|2006,partial-election-coverage,actual-votes-only,以成立後 3 屆實際得票計算中位數,該里在早期選舉時尚未成立或無可可靠對應資料；中位數僅使用 2010、2014、2022 年的實際得票，不複製或估算舊里票數。
文山區,,樟文里,1994|1998|2002|2006,partial-election-coverage,actual-votes-only,以成立後 3 屆實際得票計算中位數,該里在早期選舉時尚未成立或無可可靠對應資料；中位數僅使用 2010、2014、2022 年的實際得票，不複製或估算舊里票數。
文山區,,樟樹里,1994|1998|2002|2006,partial-election-coverage,actual-votes-only,以成立後 3 屆實際得票計算中位數,該里在早期選舉時尚未成立或無可可靠對應資料；中位數僅使用 2010、2014、2022 年的實際得票，不複製或估算舊里票數。
文山區,,興邦里,1994|1998|2002|2006,partial-election-coverage,actual-votes-only,以成立後 3 屆實際得票計算中位數,該里在早期選舉時尚未成立或無可可靠對應資料；中位數僅使用 2010、2014、2022 年的實際得票，不複製或估算舊里票數。
南港區,,重陽里,1994|1998|2002|2006,partial-election-coverage,actual-votes-only,以成立後 3 屆實際得票計算中位數,該里在早期選舉時尚未成立或無可可靠對應資料；中位數僅使用 2010、2014、2022 年的實際得票，不複製或估算舊里票數。
全市,,,2022,unverified-boundary-version,provisional,僅供地圖視覺化並揭露版本限制,已驗證 2022-12-31 有效里代碼 456 筆，GIS 亦回傳逐筆相符的 456 個 polygon；但 shapes 端點無 _as_of，且 Feature 無版本或日期屬性，無法獨立確認幾何為 2022 版。
