queried_at,request_type,dataset_slug,url,query_params,returned,schema,raw_file,status,notes
2026-10-02,search,,https://data.openfun.tw/api/v1/search,q=候選人得票%20台北市長,0,,data/raw/openfun/search-candidate-votes.json,reviewed,限定搜尋沒有直接回傳資料集
2026-10-02,search,,https://data.openfun.tw/api/v1/search,q=行政區%20地圖%20里界,1,,data/raw/openfun/search-geo-villages.json,reviewed,找到 tw.openfun~entity~geo；未再執行其他關鍵字搜尋
2026-10-02,catalog,,https://data.openfun.tw/category/tw.politics.election,,1,,browser inspection,reviewed,選舉分類目錄列出 tw.gov.cec~txn~candidates-votes
2026-10-02,manual,tw.gov.cec~ref~election-event,https://data.openfun.tw/datasets/tw.gov.cec~ref~election-event/{skill.md|knowledge.md},,,vote_id|vote_name|vote_type_id|vote_level_id|vote_date,data/raw/openfun/tw.gov.cec~ref~election-event/{skill.md|knowledge.md},reviewed,已閱讀並保存
2026-10-02,manual,tw.gov.cec~ref~candidates,https://data.openfun.tw/datasets/tw.gov.cec~ref~candidates/{skill.md|knowledge.md},,,候選人代碼|選舉代碼|姓名|政黨|選區別,data/raw/openfun/tw.gov.cec~ref~candidates/{skill.md|knowledge.md},reviewed,已閱讀並保存
2026-10-02,manual,tw.gov.cec~txn~candidates-votes,https://data.openfun.tw/datasets/tw.gov.cec~txn~candidates-votes/{skill.md|knowledge.md},,,候選人代碼|選舉代碼|行政區層級|行政區代碼|投開票所識別碼|得票數,data/raw/openfun/tw.gov.cec~txn~candidates-votes/{skill.md|knowledge.md},reviewed,已閱讀並保存
2026-10-02,manual,tw.gov.cec~ref~polling-station,https://data.openfun.tw/datasets/tw.gov.cec~ref~polling-station/{skill.md|knowledge.md},,,識別碼|選舉代碼|縣市代碼|鄉鎮代碼|村里代碼,data/raw/openfun/tw.gov.cec~ref~polling-station/{skill.md|knowledge.md},reviewed,已閱讀並保存
2026-10-02,records,tw.gov.cec~ref~election-event,https://data.openfun.tw/api/v1/datasets/tw.gov.cec~ref~election-event/records,_ids=ELC-C1-83|87|91|95|99|103|111,7,event records,data/raw/openfun/tw.gov.cec~ref~election-event/taipei-mayor-event-codes.json,reviewed,七屆事件均存在
2026-10-02,records,tw.gov.cec~ref~candidates,https://data.openfun.tw/api/v1/datasets/tw.gov.cec~ref~candidates/records,選舉代碼={year-code}&選區別.縣市=63000,39,candidate records,data/raw/openfun/tw.gov.cec~ref~candidates/{year}/taipei-candidates-page-*.json,reviewed,各屆臺北市長候選人共 39 筆
2026-10-02,records,tw.gov.cec~txn~candidates-votes,https://data.openfun.tw/api/v1/datasets/tw.gov.cec~txn~candidates-votes/records,候選人代碼={specified-candidate}&行政區層級=village,16968,candidate vote records,data/raw/openfun/tw.gov.cec~txn~candidates-votes/{year}/*-village-votes-page-*.json,reviewed,僅抓研究規則指定候選人；不含 2018
2026-10-02,records,tw.gov.cec~ref~polling-station,https://data.openfun.tw/api/v1/datasets/tw.gov.cec~ref~polling-station/records,選舉代碼={year-code}&縣市代碼=63000,6154,polling station records,data/raw/openfun/tw.gov.cec~ref~polling-station/{year}/taipei-polling-stations-page-*.json,reviewed,2006 至 2022 有對照；1994 至 2002 回傳 0
2026-10-02,normalize,tw.gov.cec~txn~candidates-votes,local deterministic transform,村里代碼或票所單一村里或行政區＋里名或已驗證跨年 crosswalk,6692,year|district|li_name_source|li_name_2022|candidate_name|votes,data/interim/verified-election-votes.csv,reviewed,2002 糖廍里以 OpenFun 2006 與 2010 票所資料確認 target ID 63000070-015；未使用外部來源
2026-10-02,records,tw.openfun~entity~geo,https://data.openfun.tw/api/v1/datasets/tw.openfun~entity~geo/records,level=village&county_id=63000&_as_of=2022-12-31,456,village records,data/raw/openfun/tw.openfun~entity~geo/records-2022-12-31-page-*.json,reviewed,2022-12-31 時點有效里
2026-10-02,shapes,tw.openfun~entity~geo,https://data.openfun.tw/api/v1/geo/shapes/tw.openfun~entity~geo,ids=2022-as-of-record-ids,456,GeoJSON FeatureCollection,data/raw/openfun/tw.openfun~entity~geo/shapes-for-2022-ids-batch-*.geojson,blocked,端點無 _as_of 且屬性無版本日期；不當作 2022 幾何
